langdist	conceptdist	word1	word2
0.3487	0.4035	sjd:KANT	sms:KYUDES
0.3487	0.1225	es:MUNTE	pt:MUTE
0.3874	0.4891	se:BARI	sjd:TERM
0.3874	0.1645	se:BARI	sms:BARE
0.3874	0.1410	mdf:PANTA	myv:PANTU
0.3874	0.1266	liv:MEK	vep:MEKI
0.3874	0.1242	et:MEKI	liv:MEK
0.3874	0.1232	fi:MEKI	liv:MEK
0.3874	0.1227	krl:MEKI	liv:MEK
0.3874	0.0393	fi:MEKI	vep:MEKI
0.3874	0.0393	et:MEKI	vep:MEKI
0.3874	0.0393	et:MEKI	fi:MEKI
0.3874	0.0389	krl:MEKI	vep:MEKI
0.3874	0.0389	fi:MEKI	krl:MEKI
0.3874	0.0389	et:MEKI	krl:MEKI
0.4305	0.6965	mdf:PANTA	mhr:KYREK
0.4305	0.6926	mhr:KYREK	myv:PANTU
0.4305	0.5859	liv:MEK	se:BARI
0.4305	0.4987	se:BARI	vep:MEKI
0.4305	0.4979	et:MEKI	se:BARI
0.4305	0.4435	liv:MEK	sms:BARE
0.4305	0.4259	et:MEKI	sms:KYUDES
0.4305	0.4257	et:MEKI	sjd:PASK
0.4305	0.4221	fi:MEKI	sjd:PASK
0.4305	0.4197	sjd:KANT	vep:MEKI
0.4305	0.4188	sms:KYUDES	vep:MEKI
0.4305	0.4130	krl:TYKY	sjd:KANT
0.4305	0.3956	liv:MEK	sjd:KANT
0.4305	0.3555	fi:WYURI	sms:BARE
0.4305	0.2491	fi:WYURI	se:BARI
0.4305	0.1728	krl:BARA	se:BARI
0.4305	0.1635	fr:MUTAN	pt:MUTENE
0.4305	0.1518	krl:BARA	sms:BARE
0.4305	0.1376	es:MUNTANA	fr:MUTAN
0.4783	0.6280	mdf:PANTA	vep:MEKI
0.4783	0.6242	et:MEKI	mdf:PANTA
0.4783	0.6172	myv:PANTU	vep:MEKI
0.4783	0.6093	fi:MEKI	myv:PANTU
0.4783	0.6086	et:MEKI	myv:PANTU
0.4783	0.6080	fi:WYURI	mdf:PANTA
0.4783	0.5799	liv:MEK	myv:PANTU
0.4783	0.5773	liv:MEK	mdf:PANTA
0.4783	0.5152	mdf:PANTA	se:BARI
0.4783	0.5059	myv:PANTU	se:BARI
0.4783	0.4990	myv:PANTU	sms:BARE
0.4783	0.4917	mdf:PANTA	sms:BARE
0.4783	0.4792	mhr:KYREK	sjd:KANT
0.4783	0.4520	mhr:KYREK	se:BARI
0.4783	0.4265	krl:TYKY	myv:PANTU
0.4783	0.4055	krl:BARA	mdf:PANTA
0.4783	0.3863	et:MEKI	mhr:KYREK
0.4783	0.3831	kca:REP	mns:YR
0.4783	0.3778	mhr:KYREK	vep:MEKI
0.4783	0.3737	krl:TYKY	mhr:KYREK
0.4783	0.3716	liv:MEK	mhr:KYREK
0.4783	0.3566	fi:WYURI	mhr:KYREK
0.4783	0.3299	mhr:KYREK	sms:KYUDES
0.4783	0.2988	myv:PANTU	sjd:KANT
0.4783	0.2942	mdf:PANTA	sjd:KANT
0.4783	0.2444	da:PJERW	no:PERK
0.4783	0.2289	da:PJERW	sv:PERK
0.4783	0.1445	kv:KERES	udm:KYRES
0.4783	0.1154	bua:YLA	xal:YLE
0.4783	0.0383	ba:TAY	tt:TAY
0.4783	0.0295	no:PERK	sv:PERK
0.5314	0.6857	myv:PANTU	udm:KYRES
0.5314	0.6119	mdf:PANTA	udm:KYRES
0.5314	0.5102	kv:KERA	mdf:PANTA
0.5314	0.5084	hu:HEC	mns:YR
0.5314	0.4978	liv:MEK	udm:KYRES
0.5314	0.4836	hu:HEC	kca:REP
0.5314	0.4638	se:BARI	udm:KYRES
0.5314	0.4510	sjd:KANT	udm:KYRES
0.5314	0.4370	nio:TIKE	yrk:GUJ
0.5314	0.4312	et:MEKI	udm:KYRES
0.5314	0.4213	kv:CUJ	myv:PANTU
0.5314	0.4176	udm:KYRES	vep:MEKI
0.5314	0.4171	kv:KIR	se:BARI
0.5314	0.3941	kv:KERA	sjd:TERM
0.5314	0.3881	kv:KIR	liv:MEK
0.5314	0.3502	krl:TYKY	udm:KYRES
0.5314	0.3304	et:MEKI	kv:KIR
0.5314	0.3282	fi:MEKI	kv:KIR
0.5314	0.3253	fi:WYURI	udm:KYRES
0.5314	0.3165	kv:KIR	vep:MEKI
0.5314	0.3162	krl:BARA	kv:KERA
0.5314	0.3114	kv:KERES	sms:KYUDES
0.5314	0.2643	sms:KYUDES	udm:KYRES
0.5314	0.2624	kv:KERES	mhr:KYREK
0.5314	0.1520	mhr:KYREK	udm:KYRES
0.5314	0.1439	fr:MUTAN	it:MUNTANA
0.5314	0.1087	it:MUNTE	pt:MUTE
0.5314	0.0407	ba:TAY	kk:TAY
0.5314	0.0364	es:MUNTE	it:MUNTE
0.5314	0.0312	kk:TAY	tt:TAY
0.5905	0.6041	liv:MEK	mns:YR
0.5905	0.6022	de:PERK	en:MAYNTIN
0.5905	0.5956	sel:MAKA	yrk:GUJ
0.5905	0.5456	hu:HEC	se:BARI
0.5905	0.5437	hu:HEC	mdf:PANTA
0.5905	0.5076	kca:REP	liv:MEK
0.5905	0.5063	hu:HEC	myv:PANTU
0.5905	0.4941	kca:REP	vep:MEKI
0.5905	0.4896	hu:HEC	sjd:TERM
0.5905	0.4839	et:MEKI	kca:REP
0.5905	0.4669	hu:HEC	mhr:KYREK
0.5905	0.4662	et:MEKI	mns:SIP
0.5905	0.4612	nio:TIKE	sel:MAKA
0.5905	0.4591	hu:HEC	sms:KYUDES
0.5905	0.4551	hu:HEC	krl:MEKI
0.5905	0.4522	hu:HEC	liv:MEK
0.5905	0.4508	mns:SIP	vep:MEKI
0.5905	0.4504	hu:HEC	vep:MEKI
0.5905	0.4434	hu:HEC	udm:KYRES
0.5905	0.4332	et:MEKI	hu:HEC
0.5905	0.4324	fi:MEKI	hu:HEC
0.5905	0.4298	mns:YR	sjd:TERM
0.5905	0.4200	kca:REP	se:BARI
0.5905	0.4077	kca:REP	krl:BARA
0.5905	0.4066	fi:WYURI	kca:REP
0.5905	0.4048	kca:REP	sjd:PASK
0.5905	0.4002	fa:KYH	os:GUG
0.5905	0.3932	kca:REP	myv:PANTU
0.5905	0.3916	kca:REP	mdf:PANTA
0.5905	0.3914	da:PJERW	is:BETL
0.5905	0.3793	mdf:PANTA	mns:SIP
0.5905	0.3729	kca:REP	mhr:KYREK
0.5905	0.3698	kv:KIR	mns:YR
0.5905	0.3656	kca:REP	udm:KYRES
0.5905	0.3614	mns:YR	sms:BARE
0.5905	0.3611	mns:YR	se:BARI
0.5905	0.3532	kca:REP	kv:KERES
0.5905	0.3436	krl:BARA	mns:YR
0.5905	0.3402	cv:TY	tr:TA
0.5905	0.3399	cv:TY	uz:TOG
0.5905	0.3324	mns:NUR	myv:PANTU
0.5905	0.3323	kca:REP	sms:BARE
0.5905	0.3214	kk:TAY	uz:TOG
0.5905	0.3147	hu:HEC	kv:CUJ
0.5905	0.3134	ba:TAY	uz:TOG
0.5905	0.3007	tt:TAY	uz:TOG
0.5905	0.2976	mhr:KYREK	mns:YR
0.5905	0.2956	tr:TA	uz:TOG
0.5905	0.2829	mns:YR	udm:KYRES
0.5905	0.2542	pl:KYRA	sk:HURA
0.5905	0.2517	fi:WYURI	mns:YR
0.5905	0.1961	ba:TAY	cv:TY
0.5905	0.1499	is:BJATL	sv:BJEL
0.5905	0.1490	is:BETL	no:BJEL
0.5905	0.1216	cv:TY	kk:TAY
0.5905	0.0830	cv:TY	tt:TAY
0.5905	0.0634	lt:KALNES	lv:KALNS
0.5905	0.0497	kk:TAY	tr:TA
0.5905	0.0480	ba:TAY	tr:TA
0.5905	0.0393	tr:TA	tt:TAY
0.6561	0.7217	tr:TA	xal:YLE
0.6561	0.6381	kca:REP	sel:MAKA
0.6561	0.6306	sel:MAKA	udm:KYRES
0.6561	0.6249	mns:NUR	sel:MAKA
0.6561	0.6068	da:PJERW	en:MAYNTIN
0.6561	0.6026	kca:REP	yrk:GUJ
0.6561	0.5910	uz:TOG	xal:YLE
0.6561	0.5866	liv:MEK	yrk:GUJ
0.6561	0.5852	en:MAYNTIN	sv:BJEL
0.6561	0.5744	tt:TAY	xal:YLE
0.6561	0.5731	hu:HEC	sel:MAKA
0.6561	0.5654	kk:TAY	xal:YLE
0.6561	0.5558	gld:GYREN	uz:TOG
0.6561	0.5495	mdf:PANTA	yrk:GUJ
0.6561	0.5489	et:MEKI	yrk:GUJ
0.6561	0.5477	vep:MEKI	yrk:GUJ
0.6561	0.5359	sjd:KANT	yrk:GUJ
0.6561	0.5331	se:BARI	yrk:GUJ
0.6561	0.5326	krl:TYKY	yrk:GUJ
0.6561	0.5299	gld:GYREN	tr:TA
0.6561	0.5142	en:MAYNTIN	no:US
0.6561	0.5039	hi:PAHAR	os:GUG
0.6561	0.5019	de:PERK	is:BETL
0.6561	0.4973	mhr:KYREK	sel:MAKA
0.6561	0.4939	hu:HEC	nio:PERY
0.6561	0.4872	hu:HEC	yrk:GUJ
0.6561	0.4857	udm:KYRES	yrk:GUJ
0.6561	0.4795	myv:PANTU	sel:MAKA
0.6561	0.4735	sel:MAKA	sms:BARE
0.6561	0.4700	mhr:KYREK	yrk:GUJ
0.6561	0.4674	gld:GYREN	tt:TAY
0.6561	0.4626	se:BARI	sel:MAKA
0.6561	0.4588	gld:GYREN	kk:TAY
0.6561	0.4583	hr:PRTU	pl:KYRA
0.6561	0.4564	mdf:PANTA	nio:PERY
0.6561	0.4499	bua:YLA	gld:GYREN
0.6561	0.4413	hr:PRTU	ru:KURA
0.6561	0.4396	hr:PRTU	sk:HURA
0.6561	0.4374	kv:KERA	sel:MAKA
0.6561	0.4368	kca:REP	nio:PERY
0.6561	0.4314	en:MAYNTIN	is:BJATL
0.6561	0.4294	mns:NUR	yrk:GUJ
0.6561	0.4292	fi:WYURI	yrk:GUJ
0.6561	0.4279	et:MEKI	nio:TIKE
0.6561	0.4247	mhr:KYREK	nio:TIKE
0.6561	0.4172	cv:TY	gld:GYREN
0.6561	0.4101	myv:PANTU	nio:PERY
0.6561	0.4101	fi:WYURI	nio:PERY
0.6561	0.4063	nio:TIKE	vep:MEKI
0.6561	0.4056	myv:PANTU	yrk:GUJ
0.6561	0.3937	fa:TEPE	hi:PAHAR
0.6561	0.3908	liv:MEK	nio:TIKE
0.6561	0.3881	nio:PERY	se:BARI
0.6561	0.3851	mdf:PANTA	sel:MAKA
0.6561	0.3800	cv:TY	xal:YLE
0.6561	0.3794	nio:TIKE	sjd:KANT
0.6561	0.3793	mns:SIP	nio:PERY
0.6561	0.3757	bua:GATA	cv:TY
0.6561	0.3672	sms:KYUDES	yrk:GUJ
0.6561	0.3627	gld:GYREN	xal:YLE
0.6561	0.3619	ba:TAYDAR	gld:GYREN
0.6561	0.3490	nio:TIKE	udm:KYRES
0.6561	0.3481	bua:GATA	uz:TOG
0.6561	0.3477	nio:TIKE	sms:KYUDES
0.6561	0.3402	ba:PIK_KYL	xal:YLE
0.6561	0.3393	sel:MAKA	sjd:PASK
0.6561	0.3166	kv:KERA	nio:TIKE
0.6561	0.2769	bua:GATA	kk:TAY
0.6561	0.2674	bua:GATA	tt:TAY
0.6561	0.2580	bua:GATA	tr:TA
0.6561	0.2576	kv:CUJ	yrk:GUJ
0.6561	0.2519	da:PJERW	de:PERK
0.6561	0.2512	sel:MAKA	vep:MEKI
0.6561	0.2505	et:MEKI	sel:MAKA
0.6561	0.2474	fi:MEKI	sel:MAKA
0.6561	0.2443	ba:TAY	bua:GATA
0.6561	0.2439	krl:MEKI	sel:MAKA
0.6561	0.2417	krl:TYKY	nio:TIKE
0.6561	0.1959	liv:MEK	sel:MAKA
0.6561	0.1740	ru:KURA	sk:HURA
0.6561	0.1271	pl:KYRA	ru:KURA
0.6561	0.0269	de:PERK	no:PERK
0.6561	0.0264	de:PERK	sv:PERK
0.7290	0.7013	hr:PRTU	lv:KALNS
0.7290	0.6572	de:PERK	lv:KALNS
0.7290	0.6497	hr:PRTU	sq:MAL
0.7290	0.6261	lv:KALNS	sk:HURA
0.7290	0.6233	cy:MENID	pl:KYRA
0.7290	0.6219	cy:MENID	ru:KURA
0.7290	0.6180	de:PERK	sq:MAL
0.7290	0.6160	pl:KYRA	sq:MAL
0.7290	0.6132	de:PERK	fr:MUTAN
0.7290	0.6108	ru:KURA	sq:MAL
0.7290	0.6100	cy:MENID	hi:PAHAR
0.7290	0.6097	de:PERK	lt:KALNES
0.7290	0.6094	nio:TIKE	ykg:ANA
0.7290	0.6084	os:GUG	sq:MAL
0.7290	0.6084	el:URUS	sq:MAL
0.7290	0.6039	fa:TEPE	sq:MAL
0.7290	0.5977	cy:MENID	sk:HURA
0.7290	0.5955	vep:MEKI	ykg:ANA
0.7290	0.5942	hr:PRTU	lt:KALNES
0.7290	0.5934	hi:PAHAR	pt:MUTENE
0.7290	0.5932	fi:MEKI	ykg:ANA
0.7290	0.5925	et:MEKI	ykg:ANA
0.7290	0.5877	en:MAYNTIN	ru:KURA
0.7290	0.5833	hi:PAHAR	lv:KALNS
0.7290	0.5810	de:PERK	it:MUNTANA
0.7290	0.5786	gld:GYREN	ja:JAMA
0.7290	0.5771	en:MAYNTIN	hi:PAHAR
0.7290	0.5770	udm:KYRES	ykg:ANA
0.7290	0.5730	mhr:KYREK	ykg:ANA
0.7290	0.5723	en:MAYNTIN	sk:HURA
0.7290	0.5674	da:PJERW	lv:KALNS
0.7290	0.5615	hy:SAR	os:GUG
0.7290	0.5610	ce:LEM	dar:TYPYRA
0.7290	0.5602	fr:MU	sv:BJEL
0.7290	0.5519	ja:JAMA	uz:TOG
0.7290	0.5515	de:PERK	pt:MUTENE
0.7290	0.5514	pl:KYRA	pt:MUTENE
0.7290	0.5469	da:PJERW	os:GUG
0.7290	0.5467	ja:JAMA	xal:YLE
0.7290	0.5454	da:PJERW	lt:KALNES
0.7290	0.5394	fr:MUTAN	hi:PAHAR
0.7290	0.5375	kca:REP	ykg:ANA
0.7290	0.5372	cy:MENID	os:GUG
0.7290	0.5369	lv:KALNS	os:GUG
0.7290	0.5341	it:MUNTE	sv:BJEL
0.7290	0.5337	de:PERK	os:GUG
0.7290	0.5324	cy:MENID	fa:TEPE
0.7290	0.5322	dar:TYPYRA	ddo:HUN
0.7290	0.5291	de:PERK	pl:KYRA
0.7290	0.5268	pt:MUTENE	sv:BJEL
0.7290	0.5265	en:MAYNTIN	pl:KYRA
0.7290	0.5262	no:US	pl:KYRA
0.7290	0.5257	is:BJATL	os:GUG
0.7290	0.5256	fa:TEPE	hy:LER
0.7290	0.5236	cy:MENID	de:PERK
0.7290	0.5211	ja:JAMA	tt:TAY
0.7290	0.5206	liv:MEK	ykg:ANA
0.7290	0.5199	en:MAYNTIN	hy:SAR
0.7290	0.5189	en:MAYNTIN	os:GUG
0.7290	0.5176	os:GUG	sv:PERK
0.7290	0.5171	hi:PAHAR	lt:KALNES
0.7290	0.5159	da:PJERW	fr:MU
0.7290	0.5155	pl:KYRA	sv:PERK
0.7290	0.5139	ykg:ANA	yrk:GUJ
0.7290	0.5131	de:PERK	sk:HURA
0.7290	0.5125	de:PERK	ru:KURA
0.7290	0.5111	lt:KALNES	os:GUG
0.7290	0.5103	ja:JAMA	kk:TAY
0.7290	0.5099	sk:HURA	sv:BJEL
0.7290	0.5079	da:PJERW	pl:KYRA
0.7290	0.5076	se:BARI	ykg:ANA
0.7290	0.5076	fr:MUTAN	is:BETL
0.7290	0.5076	cy:MENID	hr:PRTU
0.7290	0.5058	fr:MUTAN	hy:SAR
0.7290	0.5042	fa:KYH	sk:HURA
0.7290	0.5037	cv:TY	ja:JAMA
0.7290	0.5033	ru:KURA	sv:PERK
0.7290	0.5032	is:BJATL	it:MUNTANA
0.7290	0.5012	da:PJERW	it:MUNTE
0.7290	0.5007	da:PJERW	pt:MUTE
0.7290	0.4987	hr:PRTU	is:BJATL
0.7290	0.4979	en:MAYNTIN	hr:PRTU
0.7290	0.4965	cy:MENID	is:BETL
0.7290	0.4938	da:PJERW	sq:MAL
0.7290	0.4928	hr:PRTU	it:MUNTANA
0.7290	0.4922	is:BJATL	ru:KURA
0.7290	0.4915	pt:MUTENE	ru:KURA
0.7290	0.4893	hr:PRTU	pt:MUTENE
0.7290	0.4869	de:PERK	el:URUS
0.7290	0.4855	lv:KALNS	pl:KYRA
0.7290	0.4848	is:BJATL	pl:KYRA
0.7290	0.4830	ar:CAPAL	he:HAR
0.7290	0.4821	cy:MENID	hy:LER
0.7290	0.4817	hi:PAHAR	is:BJATL
0.7290	0.4813	hi:PAHAR	sq:MAL
0.7290	0.4789	cy:MENID	da:PJERW
0.7290	0.4760	lv:KALNS	ru:KURA
0.7290	0.4753	es:DERU	is:BETL
0.7290	0.4747	it:MUNTANA	pl:KYRA
0.7290	0.4747	fa:TEPE	it:MUNTANA
0.7290	0.4722	hu:HEC	ykg:ANA
0.7290	0.4716	sms:BARE	ykg:ANA
0.7290	0.4711	es:DERU	fa:TEPE
0.7290	0.4709	it:MUNTANA	lv:KALNS
0.7290	0.4709	fr:MUTAN	pl:KYRA
0.7290	0.4703	hy:LER	it:MUNTE
0.7290	0.4703	el:BYNU	lv:KALNS
0.7290	0.4700	fr:MUTAN	lv:KALNS
0.7290	0.4698	es:MUNTANA	lv:KALNS
0.7290	0.4664	hy:LER	pt:MUTE
0.7290	0.4656	el:BYNU	lt:KALNES
0.7290	0.4644	lv:KALNS	pt:MUTENE
0.7290	0.4638	cy:MENID	no:BJEL
0.7290	0.4630	cy:MENID	sv:BJEL
0.7290	0.4627	lt:KALNES	pl:KYRA
0.7290	0.4623	is:BJATL	pt:MUTENE
0.7290	0.4621	da:PJERW	ru:KURA
0.7290	0.4620	os:GUG	pl:KYRA
0.7290	0.4602	da:PJERW	sk:HURA
0.7290	0.4599	pt:MUTE	sk:HURA
0.7290	0.4599	fa:KYH	lt:KALNES
0.7290	0.4572	cy:MENID	lt:KALNES
0.7290	0.4561	cy:MENID	lv:KALNS
0.7290	0.4553	lt:KALNES	ru:KURA
0.7290	0.4535	en:MAYNTIN	fa:TEPE
0.7290	0.4523	en:MAYNTIN	lt:KALNES
0.7290	0.4512	hi:PAHAR	it:MUNTANA
0.7290	0.4506	hi:PAHAR	pl:KYRA
0.7290	0.4487	kv:KERA	ykg:ANA
0.7290	0.4487	fa:KYH	lv:KALNS
0.7290	0.4476	fa:TEPE	fr:MUTAN
0.7290	0.4442	fr:MU	hr:PRTU
0.7290	0.4421	da:PJERW	el:URUS
0.7290	0.4397	sk:HURA	sq:MAL
0.7290	0.4382	no:US	ru:KURA
0.7290	0.4363	es:MUNTE	os:GUG
0.7290	0.4361	cy:MENID	el:BYNU
0.7290	0.4359	is:BJATL	sk:HURA
0.7290	0.4347	el:URUS	pt:MUTE
0.7290	0.4338	el:BYNU	is:BJATL
0.7290	0.4335	el:BYNU	fa:KYH
0.7290	0.4333	os:GUG	pt:MUTE
0.7290	0.4328	it:MUNTE	os:GUG
0.7290	0.4318	fa:TEPE	is:BJATL
0.7290	0.4306	fa:TEPE	hr:PRTU
0.7290	0.4305	lt:KALNES	pt:MUTENE
0.7290	0.4300	hr:PRTU	hy:SAR
0.7290	0.4277	pt:MUTE	sq:MAL
0.7290	0.4273	el:BYNU	sv:BJEL
0.7290	0.4265	es:DERU	pl:KYRA
0.7290	0.4253	ce:LEM	ddo:MALI
0.7290	0.4242	it:MUNTANA	ru:KURA
0.7290	0.4233	en:MAYNTIN	lv:KALNS
0.7290	0.4232	hr:PRTU	os:GUG
0.7290	0.4221	hy:SAR	pl:KYRA
0.7290	0.4207	ja:JAMA	tr:TA
0.7290	0.4190	de:PERK	es:DERU
0.7290	0.4171	el:BYNU	it:MUNTANA
0.7290	0.4154	lt:KALNES	sk:HURA
0.7290	0.4152	it:MUNTE	no:US
0.7290	0.4140	es:MUNTANA	lt:KALNES
0.7290	0.4119	fr:MUTAN	ru:KURA
0.7290	0.4114	it:MUNTANA	lt:KALNES
0.7290	0.4114	hy:LER	lv:KALNS
0.7290	0.4065	no:US	pt:MUTE
0.7290	0.4061	el:URUS	hy:SAR
0.7290	0.4058	es:DERU	ru:KURA
0.7290	0.4049	ba:TAY_TIKLEM	ja:JAMA
0.7290	0.4045	lt:KALNES	sv:BJEL
0.7290	0.4038	bua:GATA	ja:JAMA
0.7290	0.4020	lt:KALNES	no:BJEL
0.7290	0.4020	el:URUS	hi:PAHAR
0.7290	0.4001	es:DERU	no:US
0.7290	0.3999	hi:PAHAR	ru:KURA
0.7290	0.3991	hy:SAR	ru:KURA
0.7290	0.3966	es:DERU	hi:PAHAR
0.7290	0.3955	de:PERK	hy:LER
0.7290	0.3953	el:URUS	pl:KYRA
0.7290	0.3917	lv:KALNS	sv:BJEL
0.7290	0.3908	es:MUNTANA	sk:HURA
0.7290	0.3903	fr:MUTAN	lt:KALNES
0.7290	0.3902	it:MUNTANA	sk:HURA
0.7290	0.3894	no:US	sk:HURA
0.7290	0.3892	fa:KYH	ru:KURA
0.7290	0.3889	lv:KALNS	no:BJEL
0.7290	0.3884	os:GUG	sk:HURA
0.7290	0.3883	fr:MU	os:GUG
0.7290	0.3868	hy:SAR	sk:HURA
0.7290	0.3861	cy:MENID	sq:MAL
0.7290	0.3842	hy:LER	is:BJATL
0.7290	0.3828	sq:MAL	sv:BJEL
0.7290	0.3819	os:GUG	ru:KURA
0.7290	0.3793	el:URUS	fr:MU
0.7290	0.3782	el:URUS	os:GUG
0.7290	0.3770	es:DERU	sv:PERK
0.7290	0.3751	da:PJERW	hy:LER
0.7290	0.3744	es:MUNTANA	sq:MAL
0.7290	0.3730	sel:MAKA	ykg:ANA
0.7290	0.3711	en:MAYNTIN	sq:MAL
0.7290	0.3708	krl:BARA	ykg:ANA
0.7290	0.3707	hy:LER	sv:PERK
0.7290	0.3704	fr:MUTAN	sk:HURA
0.7290	0.3702	da:PJERW	es:DERU
0.7290	0.3690	it:MUNTANA	sq:MAL
0.7290	0.3679	hy:LER	sq:MAL
0.7290	0.3678	no:BJEL	sq:MAL
0.7290	0.3676	fr:MU	no:US
0.7290	0.3668	el:BYNU	en:MAYNTIN
0.7290	0.3622	hy:LER	lt:KALNES
0.7290	0.3619	el:URUS	hr:PRTU
0.7290	0.3587	de:PERK	fa:TEPE
0.7290	0.3555	sjd:KANT	ykg:ANA
0.7290	0.3539	myv:PANTU	ykg:ANA
0.7290	0.3538	is:BJATL	lv:KALNS
0.7290	0.3534	ab:ASGA	ady:KESHA
0.7290	0.3517	mns:NUR	ykg:ANA
0.7290	0.3515	fr:MUTAN	sq:MAL
0.7290	0.3498	fa:TEPE	no:PERK
0.7290	0.3485	es:DERU	hr:PRTU
0.7290	0.3462	is:BJATL	lt:KALNES
0.7290	0.3459	no:US	os:GUG
0.7290	0.3411	hr:PRTU	no:PERK
0.7290	0.3395	fa:TEPE	pt:MUTENE
0.7290	0.3394	fa:TEPE	sv:PERK
0.7290	0.3392	hi:PAHAR	hy:SAR
0.7290	0.3374	da:PJERW	fa:TEPE
0.7290	0.3305	hy:SAR	no:US
0.7290	0.3289	hi:PAHAR	sk:HURA
0.7290	0.3277	lv:KALNS	sq:MAL
0.7290	0.3270	lt:KALNES	sq:MAL
0.7290	0.3232	el:URUS	es:DERU
0.7290	0.3204	hr:PRTU	sv:PERK
0.7290	0.3173	de:PERK	hr:PRTU
0.7290	0.3171	cy:MENID	fr:MUTAN
0.7290	0.3118	da:PJERW	hr:PRTU
0.7290	0.3096	es:DERU	hy:LER
0.7290	0.3040	cy:MENID	en:MAYNTIN
0.7290	0.2971	hi:PAHAR	no:PERK
0.7290	0.2957	is:BJATL	sq:MAL
0.7290	0.2931	el:URUS	ru:KURA
0.7290	0.2924	da:PJERW	hi:PAHAR
0.7290	0.2915	hi:PAHAR	hr:PRTU
0.7290	0.2858	cy:MENID	pt:MUTENE
0.7290	0.2840	fa:KYH	pl:KYRA
0.7290	0.2767	el:URUS	sk:HURA
0.7290	0.2713	de:PERK	hi:PAHAR
0.7290	0.2698	hi:PAHAR	sv:PERK
0.7290	0.2691	cy:MENID	it:MUNTE
0.7290	0.2646	cy:MENID	es:MUNTE
0.7290	0.2537	en:MAYNTIN	pt:MUTENE
0.7290	0.2522	en:MAYNTIN	fr:MUTAN
0.7290	0.2277	en:MAYNTIN	it:MUNTANA
0.7290	0.2191	en:MAYNTIN	es:MUNTANA
0.7290	0.2095	mdf:PANTA	ykg:ANA
0.7290	0.2018	el:URUS	no:US
0.7290	0.1898	ckt:NHEGNE	itl:NEJNE
0.8100	0.7440	sel:MAKA	xal:YLE
0.8100	0.6946	de:PERK	ykg:ANA
0.8100	0.6923	ain:NYPYRI	lt:KALNES
0.8100	0.6840	hr:PRTU	vep:MEKI
0.8100	0.6824	et:MEKI	hr:PRTU
0.8100	0.6727	os:GUG	ykg:ANA
0.8100	0.6709	hr:PRTU	ja:JAMA
0.8100	0.6680	de:PERK	ja:JAMA
0.8100	0.6569	kca:REP	tt:TAY
0.8100	0.6539	kca:REP	sq:MAL
0.8100	0.6520	el:BYNU	sel:MAKA
0.8100	0.6513	kca:REP	kk:TAY
0.8100	0.6513	hr:PRTU	liv:MEK
0.8100	0.6512	bua:GATA	de:PERK
0.8100	0.6466	liv:MEK	tt:TAY
0.8100	0.6454	sk:HURA	vep:MEKI
0.8100	0.6390	de:PERK	tt:TAY
0.8100	0.6381	hi:PAHAR	itl:NEJNE
0.8100	0.6360	hr:PRTU	ykg:ANA
0.8100	0.6347	ja:JAMA	mhr:KYREK
0.8100	0.6340	kk:TAY	liv:MEK
0.8100	0.6328	de:PERK	kk:TAY
0.8100	0.6321	myv:PANTU	pl:KYRA
0.8100	0.6317	et:MEKI	sk:HURA
0.8100	0.6288	myv:PANTU	ru:KURA
0.8100	0.6278	da:PJERW	ykg:ANA
0.8100	0.6228	cy:MENID	mhr:KYREK
0.8100	0.6221	xal:YLE	ykg:ANA
0.8100	0.6215	de:PERK	xal:YLE
0.8100	0.6208	hr:PRTU	itl:NEJNE
0.8100	0.6176	hr:PRTU	xal:YLE
0.8100	0.6159	ain:NYPYRI	lv:KALNS
0.8100	0.6157	lt:KALNES	vep:MEKI
0.8100	0.6156	bua:YLA	et:MEKI
0.8100	0.6153	bua:YLA	vep:MEKI
0.8100	0.6139	fi:MEKI	lt:KALNES
0.8100	0.6133	et:MEKI	lt:KALNES
0.8100	0.6085	mns:SIP	tr:TA
0.8100	0.6076	mns:YR	sq:MAL
0.8100	0.6068	mhr:KYREK	sq:MAL
0.8100	0.6067	kca:REP	lv:KALNS
0.8100	0.6062	ja:JAMA	udm:KYRES
0.8100	0.6061	el:URUS	liv:MEK
0.8100	0.6056	kca:REP	tr:TA
0.8100	0.6055	cy:MENID	udm:KYRES
0.8100	0.6053	myv:PANTU	xal:YLE
0.8100	0.6052	hi:PAHAR	vep:MEKI
0.8100	0.6050	mdf:PANTA	xal:YLE
0.8100	0.6047	hu:HEC	sq:MAL
0.8100	0.6047	fa:TEPE	sel:MAKA
0.8100	0.6042	kca:REP	uz:TOG
0.8100	0.6010	liv:MEK	lv:KALNS
0.8100	0.6006	sq:MAL	udm:KYRES
0.8100	0.5987	sq:MAL	yrk:GUJ
0.8100	0.5975	et:MEKI	hi:PAHAR
0.8100	0.5965	sq:MAL	uz:TOG
0.8100	0.5948	el:BYNU	tr:TA
0.8100	0.5947	kk:TAY	os:GUG
0.8100	0.5941	ckt:NHEGNE	se:BARI
0.8100	0.5940	nio:PERY	sq:MAL
0.8100	0.5919	fr:MUTAN	kca:REP
0.8100	0.5916	ja:JAMA	kca:REP
0.8100	0.5912	hy:SAR	yrk:GUJ
0.8100	0.5892	el:BYNU	vep:MEKI
0.8100	0.5891	fa:KYH	se:BARI
0.8100	0.5891	fa:KYH	ja:JAMA
0.8100	0.5888	el:BYNU	et:MEKI
0.8100	0.5877	et:MEKI	tt:TAY
0.8100	0.5871	ckt:NHEGNE	hr:PRTU
0.8100	0.5866	niv:YLEB	sel:MAKA
0.8100	0.5835	tt:TAY	vep:MEKI
0.8100	0.5831	niv:PEL	yrk:GUJ
0.8100	0.5826	kca:REP	os:GUG
0.8100	0.5824	niv:YLEB	os:GUG
0.8100	0.5824	ja:JAMA	niv:CIR
0.8100	0.5822	et:MEKI	kk:TAY
0.8100	0.5817	kv:KERES	sq:MAL
0.8100	0.5811	en:MAYNTIN	kca:REP
0.8100	0.5800	kk:TAY	vep:MEKI
0.8100	0.5797	ckt:NHEGNE	pl:KYRA
0.8100	0.5783	hr:PRTU	sel:MAKA
0.8100	0.5780	bua:YLA	liv:MEK
0.8100	0.5770	niv:CIR	tr:TA
0.8100	0.5765	hy:SAR	uz:TOG
0.8100	0.5765	hr:PRTU	hu:HEC
0.8100	0.5763	bua:YLA	kca:REP
0.8100	0.5760	ain:NYPYRI	ja:JAMA
0.8100	0.5756	liv:MEK	tr:TA
0.8100	0.5738	tr:TA	udm:KYRES
0.8100	0.5734	gld:GYREN	sq:MAL
0.8100	0.5726	pt:MUTENE	se:BARI
0.8100	0.5711	cv:KYPIPEG	ykg:ANA
0.8100	0.5694	de:PERK	tr:TA
0.8100	0.5693	ain:NYPYRI	is:BETL
0.8100	0.5692	no:US	ykg:ANA
0.8100	0.5681	lv:KALNS	uz:TOG
0.8100	0.5663	cv:KYPIPEG	sq:MAL
0.8100	0.5653	pl:KYRA	uz:TOG
0.8100	0.5642	udm:KYRES	uz:TOG
0.8100	0.5634	hu:HEC	uz:TOG
0.8100	0.5633	se:BARI	xal:YLE
0.8100	0.5633	de:PERK	yrk:GUJ
0.8100	0.5633	ain:NYPYRI	sq:MAL
0.8100	0.5630	gld:GYREN	sel:MAKA
0.8100	0.5630	el:URUS	ja:JAMA
0.8100	0.5628	it:MUNTANA	kca:REP
0.8100	0.5627	no:BJEL	tr:TA
0.8100	0.5620	lv:KALNS	se:BARI
0.8100	0.5617	os:GUG	tr:TA
0.8100	0.5604	da:PJERW	uz:TOG
0.8100	0.5601	os:GUG	se:BARI
0.8100	0.5598	hi:PAHAR	liv:MEK
0.8100	0.5594	liv:MEK	sk:HURA
0.8100	0.5586	kk:TAY	niv:YLEB
0.8100	0.5585	ain:NYPYRI	liv:MEK
0.8100	0.5582	ain:NYPYRI	sel:MAKA
0.8100	0.5565	nio:TIKE	xal:YLE
0.8100	0.5555	mdf:PANTA	os:GUG
0.8100	0.5555	itl:NEJNE	pl:KYRA
0.8100	0.5549	sv:BJEL	tr:TA
0.8100	0.5549	hi:PAHAR	xal:YLE
0.8100	0.5542	cy:MENID	kk:TAY
0.8100	0.5541	ain:NYPYRI	pt:MUTE
0.8100	0.5528	itl:NEJNE	se:BARI
0.8100	0.5527	itl:NEJNE	ru:KURA
0.8100	0.5525	no:BJEL	tt:TAY
0.8100	0.5519	fr:MUTAN	niv:PEL
0.8100	0.5518	en:MAYNTIN	mhr:KYREK
0.8100	0.5515	hy:SAR	kk:TAY
0.8100	0.5512	kk:TAY	sv:BJEL
0.8100	0.5507	ja:JAMA	lv:KALNS
0.8100	0.5506	ady:KESHA	ddo:HUN
0.8100	0.5504	niv:PEL	ykg:ANA
0.8100	0.5500	ru:KURA	uz:TOG
0.8100	0.5488	os:GUG	sel:MAKA
0.8100	0.5487	mns:YR	uz:TOG
0.8100	0.5482	mhr:KYREK	tr:TA
0.8100	0.5473	hu:HEC	ja:JAMA
0.8100	0.5470	cv:TY	sk:HURA
0.8100	0.5463	ja:JAMA	yrk:GUJ
0.8100	0.5458	niv:CIR	uz:TOG
0.8100	0.5456	tr:TA	vep:MEKI
0.8100	0.5448	hu:HEC	lv:KALNS
0.8100	0.5445	ady:KESHA	dar:TYPYRA
0.8100	0.5437	cy:MENID	uz:TOG
0.8100	0.5436	ru:KURA	xal:YLE
0.8100	0.5434	hi:PAHAR	yrk:GUJ
0.8100	0.5423	sv:BJEL	tt:TAY
0.8100	0.5423	fr:MU	mhr:KYREK
0.8100	0.5419	ain:NYPYRI	tr:TA
0.8100	0.5418	ja:JAMA	nio:TIKE
0.8100	0.5414	et:MEKI	tr:TA
0.8100	0.5413	hu:HEC	pl:KYRA
0.8100	0.5411	itl:NEJNE	sq:MAL
0.8100	0.5407	lv:KALNS	tt:TAY
0.8100	0.5407	cv:KYPIPEG	sel:MAKA
0.8100	0.5402	ja:JAMA	os:GUG
0.8100	0.5402	fi:MEKI	tr:TA
0.8100	0.5398	kk:TAY	lv:KALNS
0.8100	0.5395	bua:YLA	itl:NEJNE
0.8100	0.5387	sv:PERK	ykg:ANA
0.8100	0.5384	se:BARI	uz:TOG
0.8100	0.5379	cy:MENID	yrk:GUJ
0.8100	0.5376	de:PERK	itl:NEJNE
0.8100	0.5366	ckt:NHEGNE	kk:TAY
0.8100	0.5362	hu:HEC	ru:KURA
0.8100	0.5357	en:MAYNTIN	udm:KYRES
0.8100	0.5343	lt:KALNES	uz:TOG
0.8100	0.5335	ain:NYPYRI	uz:TOG
0.8100	0.5329	uz:TOG	yrk:GUJ
0.8100	0.5311	sq:MAL	tt:TAY
0.8100	0.5304	it:MUNTE	mhr:KYREK
0.8100	0.5304	fr:MU	udm:KYRES
0.8100	0.5299	sms:KYUDES	uz:TOG
0.8100	0.5299	it:MUNTANA	se:BARI
0.8100	0.5295	ja:JAMA	pl:KYRA
0.8100	0.5294	ja:JAMA	mns:YR
0.8100	0.5293	sv:PERK	uz:TOG
0.8100	0.5284	ckt:NHEGNE	ja:JAMA
0.8100	0.5281	it:MUNTANA	nio:TIKE
0.8100	0.5277	ain:NYPYRI	hu:HEC
0.8100	0.5276	ja:JAMA	se:BARI
0.8100	0.5275	lv:KALNS	yrk:GUJ
0.8100	0.5270	bua:GATA	se:BARI
0.8100	0.5269	tr:TA	yrk:GUJ
0.8100	0.5265	cv:TY	cy:MENID
0.8100	0.5260	itl:NEJNE	sk:HURA
0.8100	0.5253	ckt:NHEGNE	sq:MAL
0.8100	0.5248	hu:HEC	it:MUNTANA
0.8100	0.5244	hy:SAR	myv:PANTU
0.8100	0.5243	da:PJERW	sel:MAKA
0.8100	0.5231	mdf:PANTA	pl:KYRA
0.8100	0.5229	fr:MUTAN	xal:YLE
0.8100	0.5229	ain:NYPYRI	it:MUNTANA
0.8100	0.5227	de:PERK	uz:TOG
0.8100	0.5226	niv:CIR	tt:TAY
0.8100	0.5224	is:BJATL	uz:TOG
0.8100	0.5222	ja:JAMA	ru:KURA
0.8100	0.5220	is:BETL	vep:MEKI
0.8100	0.5214	hy:SAR	mdf:PANTA
0.8100	0.5214	fa:KYH	ykg:ANA
0.8100	0.5210	kk:TAY	yrk:GUJ
0.8100	0.5207	hi:PAHAR	kk:TAY
0.8100	0.5206	en:MAYNTIN	sms:BARE
0.8100	0.5204	mhr:KYREK	pt:MUTE
0.8100	0.5202	fr:MUTAN	hu:HEC
0.8100	0.5200	ckt:NHEGNE	da:PJERW
0.8100	0.5195	et:MEKI	is:BETL
0.8100	0.5188	itl:NEJNE	tt:TAY
0.8100	0.5187	liv:MEK	uz:TOG
0.8100	0.5187	kk:TAY	no:US
0.8100	0.5183	itl:NEJNE	sel:MAKA
0.8100	0.5182	cy:MENID	tr:TA
0.8100	0.5180	hr:PRTU	mhr:KYREK
0.8100	0.5171	hu:HEC	xal:YLE
0.8100	0.5161	mdf:PANTA	ru:KURA
0.8100	0.5161	el:URUS	uz:TOG
0.8100	0.5158	ckt:NHEGNE	sk:HURA
0.8100	0.5155	kv:CUJ	xal:YLE
0.8100	0.5155	ady:KESHA	ce:LEM
0.8100	0.5154	os:GUG	tt:TAY
0.8100	0.5154	ja:JAMA	myv:PANTU
0.8100	0.5152	liv:MEK	os:GUG
0.8100	0.5149	se:BARI	tt:TAY
0.8100	0.5148	el:URUS	hu:HEC
0.8100	0.5148	cy:MENID	sms:KYUDES
0.8100	0.5143	cv:KYPIPEG	se:BARI
0.8100	0.5142	itl:NEJNE	uz:TOG
0.8100	0.5139	it:MUNTE	udm:KYRES
0.8100	0.5134	sk:HURA	uz:TOG
0.8100	0.5133	os:GUG	sjd:PASK
0.8100	0.5126	hr:PRTU	kca:REP
0.8100	0.5124	ba:TAY_TIKLEM	ckt:NHEGNE
0.8100	0.5122	cv:KYPIPEG	hy:LER
0.8100	0.5118	myv:PANTU	sq:MAL
0.8100	0.5118	lt:KALNES	se:BARI
0.8100	0.5116	itl:NEJNE	kk:TAY
0.8100	0.5109	hi:PAHAR	uz:TOG
0.8100	0.5108	sk:HURA	xal:YLE
0.8100	0.5107	mhr:KYREK	uz:TOG
0.8100	0.5103	hr:PRTU	udm:KYRES
0.8100	0.5101	cv:KYPIPEG	vep:MEKI
0.8100	0.5100	fi:WYURI	is:BETL
0.8100	0.5095	cv:KYPIPEG	et:MEKI
0.8100	0.5092	itl:NEJNE	os:GUG
0.8100	0.5089	ja:JAMA	kv:KERA
0.8100	0.5085	en:MAYNTIN	hu:HEC
0.8100	0.5083	hy:LER	liv:MEK
0.8100	0.5081	pt:MUTE	udm:KYRES
0.8100	0.5072	ain:NYPYRI	fr:MU
0.8100	0.5052	gld:GYREN	hr:PRTU
0.8100	0.5051	da:PJERW	vep:MEKI
0.8100	0.5049	kk:TAY	se:BARI
0.8100	0.5049	da:PJERW	tt:TAY
0.8100	0.5046	ja:JAMA	lt:KALNES
0.8100	0.5045	da:PJERW	mdf:PANTA
0.8100	0.5043	sel:MAKA	uz:TOG
0.8100	0.5040	ckt:NHEGNE	tr:TA
0.8100	0.5038	ja:JAMA	sms:BARE
0.8100	0.5031	es:DERU	kca:REP
0.8100	0.5026	ain:NYPYRI	tt:TAY
0.8100	0.5025	ba:TAYDAR	cy:MENID
0.8100	0.5021	ba:TAY	itl:NEJNE
0.8100	0.5020	da:PJERW	et:MEKI
0.8100	0.5019	kk:TAY	sq:MAL
0.8100	0.5018	sjd:PASK	sq:MAL
0.8100	0.5016	os:GUG	vep:MEKI
0.8100	0.5015	hy:SAR	tt:TAY
0.8100	0.5013	os:GUG	xal:YLE
0.8100	0.5012	mdf:PANTA	sq:MAL
0.8100	0.5009	bua:YLA	mhr:KYREK
0.8100	0.5008	hu:HEC	os:GUG
0.8100	0.5007	ain:NYPYRI	os:GUG
0.8100	0.5006	cv:TY	itl:NEJNE
0.8100	0.5005	nio:TIKE	os:GUG
0.8100	0.5001	itl:NEJNE	mhr:KYREK
0.8100	0.4999	en:MAYNTIN	yrk:GUJ
0.8100	0.4994	fr:MUTAN	nio:TIKE
0.8100	0.4992	xal:YLE	yrk:GUJ
0.8100	0.4991	ain:NYPYRI	yrk:GUJ
0.8100	0.4990	kca:REP	no:BJEL
0.8100	0.4990	et:MEKI	uz:TOG
0.8100	0.4982	da:PJERW	tr:TA
0.8100	0.4982	cy:MENID	se:BARI
0.8100	0.4981	fa:TEPE	liv:MEK
0.8100	0.4976	ain:NYPYRI	cy:MENID
0.8100	0.4975	fi:MEKI	uz:TOG
0.8100	0.4974	ckt:NHEGNE	tt:TAY
0.8100	0.4974	ckt:NHEGNE	sv:BJEL
0.8100	0.4972	kca:REP	lt:KALNES
0.8100	0.4971	lt:KALNES	yrk:GUJ
0.8100	0.4971	ain:NYPYRI	kk:TAY
0.8100	0.4965	da:PJERW	kk:TAY
0.8100	0.4961	liv:MEK	niv:YLEB
0.8100	0.4959	es:MUNTE	xal:YLE
0.8100	0.4956	et:MEKI	os:GUG
0.8100	0.4953	kca:REP	sv:BJEL
0.8100	0.4953	ckt:NHEGNE	is:BETL
0.8100	0.4949	hy:LER	vep:MEKI
0.8100	0.4948	en:MAYNTIN	kv:KIR
0.8100	0.4945	hi:PAHAR	tt:TAY
0.8100	0.4941	ckt:NHEGNE	xal:YLE
0.8100	0.4935	ain:NYPYRI	vep:MEKI
0.8100	0.4932	liv:MEK	lt:KALNES
0.8100	0.4928	bua:GATA	cy:MENID
0.8100	0.4920	is:BJATL	ykg:ANA
0.8100	0.4918	is:BETL	mhr:KYREK
0.8100	0.4916	cv:TY	it:MUNTANA
0.8100	0.4916	ain:NYPYRI	ckt:NHEGNE
0.8100	0.4914	ain:NYPYRI	et:MEKI
0.8100	0.4909	kca:REP	xal:YLE
0.8100	0.4905	et:MEKI	hy:LER
0.8100	0.4902	sel:MAKA	sv:PERK
0.8100	0.4898	cv:KYPIPEG	lv:KALNS
0.8100	0.4897	lv:KALNS	sel:MAKA
0.8100	0.4897	itl:NEJNE	tr:TA
0.8100	0.4895	uz:TOG	ykg:ANA
0.8100	0.4885	fa:TEPE	hu:HEC
0.8100	0.4884	bua:YLA	da:PJERW
0.8100	0.4882	sms:BARE	sq:MAL
0.8100	0.4882	ru:KURA	tt:TAY
0.8100	0.4882	is:BJATL	mns:YR
0.8100	0.4879	fr:MUTAN	se:BARI
0.8100	0.4879	da:PJERW	udm:KYRES
0.8100	0.4878	kk:TAY	mhr:KYREK
0.8100	0.4877	cv:KYPIPEG	lt:KALNES
0.8100	0.4873	ckt:NHEGNE	sel:MAKA
0.8100	0.4872	no:US	uz:TOG
0.8100	0.4871	da:PJERW	xal:YLE
0.8100	0.4869	itl:NEJNE	udm:KYRES
0.8100	0.4867	it:MUNTE	xal:YLE
0.8100	0.4866	uz:TOG	vep:MEKI
0.8100	0.4866	pl:KYRA	sjd:KANT
0.8100	0.4865	de:PERK	mdf:PANTA
0.8100	0.4861	mdf:PANTA	no:PERK
0.8100	0.4858	cv:TY	mdf:PANTA
0.8100	0.4857	hy:SAR	sel:MAKA
0.8100	0.4856	cy:MENID	kca:REP
0.8100	0.4852	sjd:TERM	xal:YLE
0.8100	0.4850	is:BETL	kca:REP
0.8100	0.4849	se:BARI	sq:MAL
0.8100	0.4848	mhr:KYREK	tt:TAY
0.8100	0.4848	ckt:NHEGNE	udm:KYRES
0.8100	0.4847	hy:SAR	ja:JAMA
0.8100	0.4846	it:MUNTE	niv:YLEB
0.8100	0.4844	itl:NEJNE	nio:TIKE
0.8100	0.4840	de:PERK	udm:KYRES
0.8100	0.4838	ba:TAYDAR	hu:HEC
0.8100	0.4837	ba:PIK_KYL	yrk:GUJ
0.8100	0.4829	tt:TAY	yrk:GUJ
0.8100	0.4827	ain:NYPYRI	itl:NEJNE
0.8100	0.4823	lv:KALNS	tr:TA
0.8100	0.4820	hu:HEC	hy:LER
0.8100	0.4818	en:MAYNTIN	niv:CIR
0.8100	0.4818	ain:NYPYRI	bua:YLA
0.8100	0.4817	pl:KYRA	yrk:GUJ
0.8100	0.4815	ain:NYPYRI	mdf:PANTA
0.8100	0.4802	gld:GYREN	no:PERK
0.8100	0.4795	kca:REP	pt:MUTE
0.8100	0.4795	ckt:NHEGNE	ru:KURA
0.8100	0.4791	lt:KALNES	tt:TAY
0.8100	0.4788	ba:TAY_TIKLEM	et:MEKI
0.8100	0.4785	is:BETL	udm:KYRES
0.8100	0.4785	cy:MENID	kv:KIR
0.8100	0.4778	da:PJERW	myv:PANTU
0.8100	0.4774	hi:PAHAR	ja:JAMA
0.8100	0.4773	kk:TAY	lt:KALNES
0.8100	0.4769	ru:KURA	sjd:KANT
0.8100	0.4767	pl:KYRA	ykg:ANA
0.8100	0.4767	bua:GATA	hu:HEC
0.8100	0.4763	pl:KYRA	se:BARI
0.8100	0.4759	ba:TAY_TIKLEM	os:GUG
0.8100	0.4757	sms:KYUDES	tt:TAY
0.8100	0.4757	itl:NEJNE	krl:MEKI
0.8100	0.4751	cy:MENID	niv:PEL
0.8100	0.4745	ain:NYPYRI	myv:PANTU
0.8100	0.4744	et:MEKI	itl:NEJNE
0.8100	0.4741	sv:PERK	udm:KYRES
0.8100	0.4741	de:PERK	hu:HEC
0.8100	0.4739	cv:TY	yrk:GUJ
0.8100	0.4737	fi:MEKI	itl:NEJNE
0.8100	0.4736	ba:TAY_TIKLEM	vep:MEKI
0.8100	0.4733	liv:MEK	xal:YLE
0.8100	0.4732	da:PJERW	mhr:KYREK
0.8100	0.4728	lv:KALNS	mhr:KYREK
0.8100	0.4727	niv:PEL	pt:MUTE
0.8100	0.4727	ckt:NHEGNE	hi:PAHAR
0.8100	0.4726	itl:NEJNE	vep:MEKI
0.8100	0.4724	kk:TAY	pl:KYRA
0.8100	0.4723	krl:TYKY	os:GUG
0.8100	0.4716	ba:PIK_KYL	myv:PANTU
0.8100	0.4714	ckt:NHEGNE	niv:PEL
0.8100	0.4707	tt:TAY	udm:KYRES
0.8100	0.4707	itl:NEJNE	xal:YLE
0.8100	0.4706	bua:GATA	hr:PRTU
0.8100	0.4705	os:GUG	udm:KYRES
0.8100	0.4703	ain:NYPYRI	es:DERU
0.8100	0.4696	gld:GYREN	liv:MEK
0.8100	0.4692	cv:KYPIPEG	ru:KURA
0.8100	0.4689	cy:MENID	xal:YLE
0.8100	0.4687	is:BETL	liv:MEK
0.8100	0.4685	hu:HEC	pt:MUTENE
0.8100	0.4683	ru:KURA	ykg:ANA
0.8100	0.4683	kk:TAY	nio:TIKE
0.8100	0.4683	et:MEKI	xal:YLE
0.8100	0.4681	da:PJERW	fi:WYURI
0.8100	0.4669	de:PERK	gld:GYREN
0.8100	0.4668	vep:MEKI	xal:YLE
0.8100	0.4666	gld:GYREN	vep:MEKI
0.8100	0.4663	sq:MAL	tr:TA
0.8100	0.4657	hi:PAHAR	mhr:KYREK
0.8100	0.4652	hu:HEC	lt:KALNES
0.8100	0.4652	ckt:NHEGNE	mhr:KYREK
0.8100	0.4650	cv:KYPIPEG	liv:MEK
0.8100	0.4649	el:URUS	sjd:TERM
0.8100	0.4639	en:MAYNTIN	xal:YLE
0.8100	0.4638	is:BETL	nio:TIKE
0.8100	0.4636	ja:JAMA	no:BJEL
0.8100	0.4636	itl:NEJNE	lv:KALNS
0.8100	0.4636	gld:GYREN	sv:PERK
0.8100	0.4630	ain:NYPYRI	ru:KURA
0.8100	0.4629	en:MAYNTIN	kk:TAY
0.8100	0.4629	ain:NYPYRI	sk:HURA
0.8100	0.4624	pl:KYRA	tt:TAY
0.8100	0.4624	itl:NEJNE	sjd:KANT
0.8100	0.4624	cv:KYPIPEG	hu:HEC
0.8100	0.4622	hu:HEC	is:BETL
0.8100	0.4622	et:MEKI	gld:GYREN
0.8100	0.4621	pt:MUTENE	xal:YLE
0.8100	0.4614	kk:TAY	ru:KURA
0.8100	0.4612	ain:NYPYRI	xal:YLE
0.8100	0.4611	lt:KALNES	sel:MAKA
0.8100	0.4608	ckt:NHEGNE	hy:LER
0.8100	0.4608	ba:TAY_TIKLEM	liv:MEK
0.8100	0.4607	en:MAYNTIN	mns:YR
0.8100	0.4606	bua:YLA	ru:KURA
0.8100	0.4601	kk:TAY	udm:KYRES
0.8100	0.4601	de:PERK	sms:BARE
0.8100	0.4600	hu:HEC	sv:PERK
0.8100	0.4599	cy:MENID	nio:TIKE
0.8100	0.4598	ru:KURA	tr:TA
0.8100	0.4595	itl:NEJNE	niv:YLEB
0.8100	0.4594	cv:KYPIPEG	hi:PAHAR
0.8100	0.4593	myv:PANTU	pt:MUTENE
0.8100	0.4592	ain:NYPYRI	hy:SAR
0.8100	0.4584	hr:PRTU	sjd:TERM
0.8100	0.4582	cv:TY	is:BJATL
0.8100	0.4579	krl:TYKY	xal:YLE
0.8100	0.4577	kk:TAY	kv:KERA
0.8100	0.4577	hy:SAR	tr:TA
0.8100	0.4575	kca:REP	niv:YLEB
0.8100	0.4573	ru:KURA	se:BARI
0.8100	0.4571	pl:KYRA	tr:TA
0.8100	0.4570	ain:NYPYRI	en:MAYNTIN
0.8100	0.4568	fi:WYURI	tt:TAY
0.8100	0.4559	no:PERK	sel:MAKA
0.8100	0.4556	ja:JAMA	sv:BJEL
0.8100	0.4556	hi:PAHAR	udm:KYRES
0.8100	0.4553	hu:HEC	no:US
0.8100	0.4551	fr:MUTAN	itl:NEJNE
0.8100	0.4550	bua:YLA	udm:KYRES
0.8100	0.4541	cv:KYPIPEG	kca:REP
0.8100	0.4538	gld:GYREN	is:BETL
0.8100	0.4538	ckt:NHEGNE	kca:REP
0.8100	0.4537	hi:PAHAR	tr:TA
0.8100	0.4533	el:BYNU	itl:NEJNE
0.8100	0.4532	da:PJERW	liv:MEK
0.8100	0.4532	da:PJERW	kca:REP
0.8100	0.4531	cv:TY	en:MAYNTIN
0.8100	0.4529	gld:GYREN	it:MUNTANA
0.8100	0.4527	itl:NEJNE	kca:REP
0.8100	0.4527	fr:MUTAN	gld:GYREN
0.8100	0.4525	hy:LER	itl:NEJNE
0.8100	0.4524	ain:NYPYRI	sms:BARE
0.8100	0.4522	ain:NYPYRI	sjd:KANT
0.8100	0.4520	se:BARI	sk:HURA
0.8100	0.4518	is:BETL	itl:NEJNE
0.8100	0.4508	ja:JAMA	sk:HURA
0.8100	0.4508	bua:YLA	el:BYNU
0.8100	0.4507	sms:BARE	tr:TA
0.8100	0.4506	itl:NEJNE	sms:BARE
0.8100	0.4505	kv:KERES	pt:MUTENE
0.8100	0.4505	hu:HEC	itl:NEJNE
0.8100	0.4504	bua:GATA	kv:KERA
0.8100	0.4501	cv:TY	fr:MUTAN
0.8100	0.4497	se:BARI	tr:TA
0.8100	0.4496	kv:CUJ	uz:TOG
0.8100	0.4494	itl:NEJNE	liv:MEK
0.8100	0.4494	fi:WYURI	kk:TAY
0.8100	0.4493	cv:TY	es:DERU
0.8100	0.4492	it:MUNTE	kv:CUJ
0.8100	0.4491	kv:KERA	tr:TA
0.8100	0.4491	itl:NEJNE	myv:PANTU
0.8100	0.4490	de:PERK	sel:MAKA
0.8100	0.4489	cy:MENID	tt:TAY
0.8100	0.4488	kk:TAY	sms:KYUDES
0.8100	0.4488	ckt:NHEGNE	krl:MEKI
0.8100	0.4484	fa:KYH	yrk:GUJ
0.8100	0.4483	myv:PANTU	sv:PERK
0.8100	0.4483	ckt:NHEGNE	et:MEKI
0.8100	0.4476	ru:KURA	sel:MAKA
0.8100	0.4476	de:PERK	se:BARI
0.8100	0.4475	bua:YLA	fi:WYURI
0.8100	0.4473	lt:KALNES	mhr:KYREK
0.8100	0.4471	hi:PAHAR	sel:MAKA
0.8100	0.4471	bua:GATA	hi:PAHAR
0.8100	0.4469	mdf:PANTA	sk:HURA
0.8100	0.4467	lt:KALNES	tr:TA
0.8100	0.4466	mdf:PANTA	pt:MUTENE
0.8100	0.4466	is:BETL	kk:TAY
0.8100	0.4465	ain:NYPYRI	krl:TYKY
0.8100	0.4464	de:PERK	myv:PANTU
0.8100	0.4462	ckt:NHEGNE	fi:MEKI
0.8100	0.4459	nio:PERY	sk:HURA
0.8100	0.4457	bua:YLA	sms:KYUDES
0.8100	0.4456	pl:KYRA	sel:MAKA
0.8100	0.4456	ckt:NHEGNE	vep:MEKI
0.8100	0.4453	ckt:NHEGNE	de:PERK
0.8100	0.4453	ain:NYPYRI	fa:KYH
0.8100	0.4450	en:MAYNTIN	uz:TOG
0.8100	0.4450	ckt:NHEGNE	el:BYNU
0.8100	0.4448	sel:MAKA	tt:TAY
0.8100	0.4443	da:PJERW	hu:HEC
0.8100	0.4441	da:PJERW	ja:JAMA
0.8100	0.4438	en:MAYNTIN	se:BARI
0.8100	0.4437	lv:KALNS	sms:KYUDES
0.8100	0.4434	es:DERU	mhr:KYREK
0.8100	0.4433	bua:GATA	yrk:GUJ
0.8100	0.4432	hy:SAR	mhr:KYREK
0.8100	0.4426	de:PERK	kca:REP
0.8100	0.4421	bua:YLA	lv:KALNS
0.8100	0.4417	gld:GYREN	se:BARI
0.8100	0.4417	gld:GYREN	nio:PERY
0.8100	0.4417	ckt:NHEGNE	sms:KYUDES
0.8100	0.4417	ckt:NHEGNE	cv:KYPIPEG
0.8100	0.4415	fi:WYURI	os:GUG
0.8100	0.4412	ba:PIK_KYL	da:PJERW
0.8100	0.4412	ain:NYPYRI	kv:KIR
0.8100	0.4410	es:DERU	gld:GYREN
0.8100	0.4407	krl:TYKY	lt:KALNES
0.8100	0.4407	it:MUNTANA	uz:TOG
0.8100	0.4401	mdf:PANTA	sv:PERK
0.8100	0.4398	ckt:NHEGNE	nio:TIKE
0.8100	0.4397	kk:TAY	myv:PANTU
0.8100	0.4395	bua:GATA	pt:MUTENE
0.8100	0.4394	da:PJERW	gld:GYREN
0.8100	0.4385	et:MEKI	niv:CIR
0.8100	0.4384	sk:HURA	sms:BARE
0.8100	0.4382	et:MEKI	lv:KALNS
0.8100	0.4377	ckt:NHEGNE	yrk:GUJ
0.8100	0.4374	ain:NYPYRI	kca:REP
0.8100	0.4372	cv:KYPIPEG	da:PJERW
0.8100	0.4369	es:MUNTE	vep:MEKI
0.8100	0.4369	bua:GATA	os:GUG
0.8100	0.4367	cv:TY	myv:PANTU
0.8100	0.4366	lv:KALNS	udm:KYRES
0.8100	0.4365	it:MUNTE	mns:NUR
0.8100	0.4358	ckt:NHEGNE	fa:TEPE
0.8100	0.4357	gld:GYREN	myv:PANTU
0.8100	0.4355	itl:NEJNE	yrk:GUJ
0.8100	0.4354	hy:SAR	ykg:ANA
0.8100	0.4351	fi:WYURI	xal:YLE
0.8100	0.4351	bua:GATA	ckt:NHEGNE
0.8100	0.4350	fi:MEKI	lv:KALNS
0.8100	0.4341	niv:CIR	vep:MEKI
0.8100	0.4341	en:MAYNTIN	liv:MEK
0.8100	0.4339	pl:KYRA	xal:YLE
0.8100	0.4335	bua:YLA	lt:KALNES
0.8100	0.4334	gld:GYREN	lt:KALNES
0.8100	0.4331	ckt:NHEGNE	myv:PANTU
0.8100	0.4326	ckt:NHEGNE	fr:MUTAN
0.8100	0.4325	pt:MUTENE	uz:TOG
0.8100	0.4325	es:MUNTANA	uz:TOG
0.8100	0.4320	ain:NYPYRI	ykg:ANA
0.8100	0.4316	hi:PAHAR	hu:HEC
0.8100	0.4315	it:MUNTE	vep:MEKI
0.8100	0.4315	ain:NYPYRI	cv:TY
0.8100	0.4314	ru:KURA	vep:MEKI
0.8100	0.4313	tt:TAY	ykg:ANA
0.8100	0.4313	en:MAYNTIN	tr:TA
0.8100	0.4313	cv:KYPIPEG	sv:PERK
0.8100	0.4306	myv:PANTU	tr:TA
0.8100	0.4300	pt:MUTENE	ykg:ANA
0.8100	0.4295	hy:SAR	udm:KYRES
0.8100	0.4294	kca:REP	pl:KYRA
0.8100	0.4293	ckt:NHEGNE	no:PERK
0.8100	0.4292	fi:MEKI	it:MUNTE
0.8100	0.4288	ja:JAMA	mdf:PANTA
0.8100	0.4286	et:MEKI	ru:KURA
0.8100	0.4286	cv:KYPIPEG	no:PERK
0.8100	0.4279	hu:HEC	tt:TAY
0.8100	0.4276	krl:TYKY	lv:KALNS
0.8100	0.4273	gld:GYREN	krl:BARA
0.8100	0.4272	mhr:KYREK	os:GUG
0.8100	0.4272	itl:NEJNE	mdf:PANTA
0.8100	0.4272	fr:MU	sms:KYUDES
0.8100	0.4268	it:MUNTE	krl:MEKI
0.8100	0.4265	cv:TY	pt:MUTENE
0.8100	0.4262	es:MUNTE	et:MEKI
0.8100	0.4260	hi:PAHAR	myv:PANTU
0.8100	0.4260	el:URUS	se:BARI
0.8100	0.4259	gld:GYREN	mdf:PANTA
0.8100	0.4258	cv:KYPIPEG	de:PERK
0.8100	0.4254	sq:MAL	ykg:ANA
0.8100	0.4252	lv:KALNS	vep:MEKI
0.8100	0.4251	hu:HEC	kk:TAY
0.8100	0.4249	pt:MUTE	yrk:GUJ
0.8100	0.4247	hu:HEC	tr:TA
0.8100	0.4246	ba:TAY	hr:PRTU
0.8100	0.4245	et:MEKI	it:MUNTE
0.8100	0.4244	myv:PANTU	sk:HURA
0.8100	0.4242	hr:PRTU	tr:TA
0.8100	0.4241	et:MEKI	pl:KYRA
0.8100	0.4241	es:DERU	hu:HEC
0.8100	0.4240	myv:PANTU	no:US
0.8100	0.4238	it:MUNTE	myv:PANTU
0.8100	0.4237	myv:PANTU	os:GUG
0.8100	0.4236	cv:TY	sjd:KANT
0.8100	0.4234	is:BJATL	tr:TA
0.8100	0.4231	bua:GATA	nio:TIKE
0.8100	0.4230	lt:KALNES	mns:NUR
0.8100	0.4227	cv:TY	nio:PERY
0.8100	0.4226	cy:MENID	mns:NUR
0.8100	0.4224	es:DERU	udm:KYRES
0.8100	0.4223	de:PERK	kv:KERES
0.8100	0.4222	kv:CUJ	tt:TAY
0.8100	0.4215	es:DERU	se:BARI
0.8100	0.4215	da:PJERW	sms:BARE
0.8100	0.4214	en:MAYNTIN	gld:GYREN
0.8100	0.4214	ckt:NHEGNE	mdf:PANTA
0.8100	0.4213	mns:NUR	os:GUG
0.8100	0.4211	is:BJATL	sel:MAKA
0.8100	0.4204	is:BJATL	kv:CUJ
0.8100	0.4204	fi:WYURI	hr:PRTU
0.8100	0.4204	el:BYNU	tt:TAY
0.8100	0.4200	ain:NYPYRI	el:BYNU
0.8100	0.4198	fr:MUTAN	uz:TOG
0.8100	0.4195	ckt:NHEGNE	lv:KALNS
0.8100	0.4192	bua:GATA	sel:MAKA
0.8100	0.4189	cv:KYPIPEG	os:GUG
0.8100	0.4187	cy:MENID	ykg:ANA
0.8100	0.4184	fa:KYH	kv:KERA
0.8100	0.4182	el:URUS	kca:REP
0.8100	0.4181	nio:TIKE	pt:MUTENE
0.8100	0.4181	it:MUNTE	yrk:GUJ
0.8100	0.4179	mhr:KYREK	xal:YLE
0.8100	0.4171	cv:TY	fi:WYURI
0.8100	0.4170	ja:JAMA	sjd:TERM
0.8100	0.4165	sms:KYUDES	xal:YLE
0.8100	0.4164	cv:TY	hr:PRTU
0.8100	0.4162	fa:TEPE	itl:NEJNE
0.8100	0.4161	en:MAYNTIN	tt:TAY
0.8100	0.4158	ckt:NHEGNE	kv:KERES
0.8100	0.4157	lt:KALNES	niv:YLEB
0.8100	0.4157	gld:GYREN	hu:HEC
0.8100	0.4154	ckt:NHEGNE	uz:TOG
0.8100	0.4149	mns:YR	tt:TAY
0.8100	0.4146	pt:MUTENE	tr:TA
0.8100	0.4145	itl:NEJNE	lt:KALNES
0.8100	0.4145	is:BJATL	mdf:PANTA
0.8100	0.4141	lv:KALNS	niv:PEL
0.8100	0.4136	lt:KALNES	myv:PANTU
0.8100	0.4133	es:MUNTE	myv:PANTU
0.8100	0.4132	hr:PRTU	niv:CIR
0.8100	0.4132	ain:NYPYRI	niv:PEL
0.8100	0.4131	pl:KYRA	vep:MEKI
0.8100	0.4131	mns:NUR	pt:MUTE
0.8100	0.4131	itl:NEJNE	ja:JAMA
0.8100	0.4129	el:URUS	mhr:KYREK
0.8100	0.4128	kk:TAY	ykg:ANA
0.8100	0.4128	el:BYNU	mdf:PANTA
0.8100	0.4128	ba:TAYDAR	kv:KERA
0.8100	0.4127	is:BETL	tt:TAY
0.8100	0.4125	da:PJERW	se:BARI
0.8100	0.4124	hr:PRTU	sms:BARE
0.8100	0.4124	gld:GYREN	lv:KALNS
0.8100	0.4123	myv:PANTU	niv:PEL
0.8100	0.4122	es:MUNTE	liv:MEK
0.8100	0.4122	da:PJERW	mns:YR
0.8100	0.4119	sk:HURA	yrk:GUJ
0.8100	0.4115	hi:PAHAR	ykg:ANA
0.8100	0.4115	gld:GYREN	os:GUG
0.8100	0.4113	kca:REP	ru:KURA
0.8100	0.4110	ba:TAYDAR	kca:REP
0.8100	0.4109	lt:KALNES	sms:BARE
0.8100	0.4108	lt:KALNES	mdf:PANTA
0.8100	0.4107	lv:KALNS	nio:TIKE
0.8100	0.4107	is:BJATL	yrk:GUJ
0.8100	0.4107	hr:PRTU	se:BARI
0.8100	0.4107	fr:MUTAN	mdf:PANTA
0.8100	0.4106	sjd:TERM	uz:TOG
0.8100	0.4104	el:BYNU	xal:YLE
0.8100	0.4104	ain:NYPYRI	mhr:KYREK
0.8100	0.4103	kk:TAY	pt:MUTE
0.8100	0.4097	sjd:KANT	sk:HURA
0.8100	0.4096	bua:GATA	en:MAYNTIN
0.8100	0.4095	da:PJERW	yrk:GUJ
0.8100	0.4093	en:MAYNTIN	ykg:ANA
0.8100	0.4092	sq:MAL	vep:MEKI
0.8100	0.4091	hr:PRTU	mns:SIP
0.8100	0.4091	hr:PRTU	kv:CUJ
0.8100	0.4091	da:PJERW	krl:BARA
0.8100	0.4089	niv:CIR	sms:BARE
0.8100	0.4089	niv:CIR	se:BARI
0.8100	0.4088	gld:GYREN	yrk:GUJ
0.8100	0.4086	en:MAYNTIN	nio:TIKE
0.8100	0.4083	gld:GYREN	hi:PAHAR
0.8100	0.4080	cv:KYPIPEG	pl:KYRA
0.8100	0.4077	ba:TAYDAR	ru:KURA
0.8100	0.4070	el:URUS	krl:BARA
0.8100	0.4066	ba:TAY_TIKLEM	sq:MAL
0.8100	0.4062	bua:GATA	krl:TYKY
0.8100	0.4059	kv:KERES	lv:KALNS
0.8100	0.4058	it:MUNTE	sjd:TERM
0.8100	0.4058	el:BYNU	kk:TAY
0.8100	0.4058	ab:ARIMCA	ce:LEM
0.8100	0.4056	cy:MENID	sjd:KANT
0.8100	0.4055	cv:KYPIPEG	niv:PEL
0.8100	0.4054	mhr:KYREK	sk:HURA
0.8100	0.4051	sv:BJEL	yrk:GUJ
0.8100	0.4045	hr:PRTU	yrk:GUJ
0.8100	0.4041	itl:NEJNE	no:BJEL
0.8100	0.4041	fi:WYURI	niv:CIR
0.8100	0.4040	fa:TEPE	sjd:TERM
0.8100	0.4038	is:BJATL	sjd:KANT
0.8100	0.4038	gld:GYREN	hy:SAR
0.8100	0.4038	el:BYNU	ykg:ANA
0.8100	0.4037	lv:KALNS	myv:PANTU
0.8100	0.4037	krl:MEKI	sq:MAL
0.8100	0.4036	es:DERU	krl:BARA
0.8100	0.4035	gld:GYREN	sjd:KANT
0.8100	0.4033	mdf:PANTA	niv:PEL
0.8100	0.4032	bua:GATA	es:MUNTANA
0.8100	0.4029	cy:MENID	hu:HEC
0.8100	0.4028	tr:TA	ykg:ANA
0.8100	0.4027	mdf:PANTA	uz:TOG
0.8100	0.4024	itl:NEJNE	kv:KERES
0.8100	0.4023	bua:GATA	it:MUNTANA
0.8100	0.4022	sel:MAKA	tr:TA
0.8100	0.4017	pt:MUTE	tt:TAY
0.8100	0.4015	ckt:NHEGNE	mns:NUR
0.8100	0.4014	liv:MEK	pl:KYRA
0.8100	0.4011	myv:PANTU	uz:TOG
0.8100	0.4010	fi:MEKI	sq:MAL
0.8100	0.4008	sk:HURA	tt:TAY
0.8100	0.4008	el:URUS	niv:CIR
0.8100	0.4007	da:PJERW	kv:KERA
0.8100	0.4006	hr:PRTU	krl:BARA
0.8100	0.4004	sk:HURA	ykg:ANA
0.8100	0.4003	et:MEKI	fa:KYH
0.8100	0.4000	niv:CIR	sjd:TERM
0.8100	0.3997	sk:HURA	udm:KYRES
0.8100	0.3996	fa:TEPE	mdf:PANTA
0.8100	0.3992	no:US	udm:KYRES
0.8100	0.3992	krl:BARA	niv:CIR
0.8100	0.3991	fa:TEPE	myv:PANTU
0.8100	0.3989	mhr:KYREK	niv:CIR
0.8100	0.3987	itl:NEJNE	sv:BJEL
0.8100	0.3983	niv:PEL	sq:MAL
0.8100	0.3983	hi:PAHAR	kv:KERA
0.8100	0.3983	fa:KYH	xal:YLE
0.8100	0.3983	es:DERU	fi:WYURI
0.8100	0.3982	es:MUNTANA	kk:TAY
0.8100	0.3978	pt:MUTE	sjd:TERM
0.8100	0.3977	ba:TAY	pt:MUTE
0.8100	0.3973	et:MEKI	sq:MAL
0.8100	0.3971	ab:AIKYRKYANCA	dar:TYPYRA
0.8100	0.3970	kk:TAY	sel:MAKA
0.8100	0.3969	fa:KYH	gld:GYREN
0.8100	0.3969	ckt:NHEGNE	lt:KALNES
0.8100	0.3966	liv:MEK	sq:MAL
0.8100	0.3963	niv:CIR	udm:KYRES
0.8100	0.3962	kk:TAY	sjd:KANT
0.8100	0.3959	hu:HEC	sk:HURA
0.8100	0.3954	ain:NYPYRI	pl:KYRA
0.8100	0.3949	cy:MENID	myv:PANTU
0.8100	0.3946	bua:GATA	fa:TEPE
0.8100	0.3945	gld:GYREN	ykg:ANA
0.8100	0.3944	fa:TEPE	mns:SIP
0.8100	0.3940	ru:KURA	yrk:GUJ
0.8100	0.3938	cv:KYPIPEG	sms:KYUDES
0.8100	0.3938	ckt:NHEGNE	liv:MEK
0.8100	0.3936	lv:KALNS	mns:NUR
0.8100	0.3934	ain:NYPYRI	gld:GYREN
0.8100	0.3933	cv:KYPIPEG	kv:KIR
0.8100	0.3931	es:DERU	yrk:GUJ
0.8100	0.3929	kv:KERES	sv:PERK
0.8100	0.3929	fa:TEPE	tr:TA
0.8100	0.3926	ba:TAY_TIKLEM	en:MAYNTIN
0.8100	0.3924	fr:MU	vep:MEKI
0.8100	0.3924	el:URUS	yrk:GUJ
0.8100	0.3923	liv:MEK	ru:KURA
0.8100	0.3918	fr:MUTAN	sjd:KANT
0.8100	0.3917	udm:KYRES	xal:YLE
0.8100	0.3917	pt:MUTENE	vep:MEKI
0.8100	0.3916	ckt:NHEGNE	en:MAYNTIN
0.8100	0.3915	lv:KALNS	mdf:PANTA
0.8100	0.3915	ba:PIK_KYL	lt:KALNES
0.8100	0.3913	lv:KALNS	xal:YLE
0.8100	0.3913	ba:TAYDAR	ykg:ANA
0.8100	0.3910	es:MUNTE	sms:KYUDES
0.8100	0.3908	kk:TAY	mns:YR
0.8100	0.3907	hr:PRTU	kk:TAY
0.8100	0.3907	ain:NYPYRI	ba:PIK_KYL
0.8100	0.3905	cy:MENID	mdf:PANTA
0.8100	0.3904	myv:PANTU	tt:TAY
0.8100	0.3901	fi:WYURI	sk:HURA
0.8100	0.3900	fr:MU	mns:NUR
0.8100	0.3896	kca:REP	sk:HURA
0.8100	0.3894	krl:MEKI	pt:MUTENE
0.8100	0.3893	fr:MU	krl:MEKI
0.8100	0.3887	es:MUNTANA	tt:TAY
0.8100	0.3887	da:PJERW	sjd:TERM
0.8100	0.3885	is:BJATL	myv:PANTU
0.8100	0.3883	fa:KYH	fi:MEKI
0.8100	0.3880	ckt:NHEGNE	os:GUG
0.8100	0.3873	nio:TIKE	pl:KYRA
0.8100	0.3873	hy:SAR	kca:REP
0.8100	0.3870	niv:CIR	pl:KYRA
0.8100	0.3868	da:PJERW	itl:NEJNE
0.8100	0.3867	it:MUNTE	sms:KYUDES
0.8100	0.3864	hr:PRTU	uz:TOG
0.8100	0.3860	ain:NYPYRI	udm:KYRES
0.8100	0.3855	fi:WYURI	hi:PAHAR
0.8100	0.3849	it:MUNTANA	kk:TAY
0.8100	0.3848	ain:NYPYRI	no:PERK
0.8100	0.3847	de:PERK	mns:SIP
0.8100	0.3847	ain:NYPYRI	da:PJERW
0.8100	0.3845	sq:MAL	xal:YLE
0.8100	0.3842	hy:SAR	mns:YR
0.8100	0.3840	se:BARI	sv:BJEL
0.8100	0.3838	fi:MEKI	pt:MUTENE
0.8100	0.3837	ab:ARIMCA	ddo:MALI
0.8100	0.3836	fa:KYH	vep:MEKI
0.8100	0.3835	ba:PIK_KYL	pl:KYRA
0.8100	0.3834	fr:MU	kv:CUJ
0.8100	0.3830	nio:TIKE	tr:TA
0.8100	0.3830	es:DERU	mns:YR
0.8100	0.3829	ba:TAY	sel:MAKA
0.8100	0.3828	lt:KALNES	nio:TIKE
0.8100	0.3827	gld:GYREN	sk:HURA
0.8100	0.3827	et:MEKI	pt:MUTENE
0.8100	0.3824	en:MAYNTIN	mdf:PANTA
0.8100	0.3819	kv:CUJ	no:US
0.8100	0.3815	ba:TAYDAR	el:URUS
0.8100	0.3814	el:BYNU	nio:PERY
0.8100	0.3811	ba:TAY_TIKLEM	is:BJATL
0.8100	0.3804	bua:YLA	mns:YR
0.8100	0.3800	gld:GYREN	pt:MUTENE
0.8100	0.3795	fa:TEPE	kk:TAY
0.8100	0.3793	cv:TY	el:BYNU
0.8100	0.3787	mns:SIP	sv:PERK
0.8100	0.3783	en:MAYNTIN	itl:NEJNE
0.8100	0.3775	fr:MUTAN	myv:PANTU
0.8100	0.3773	ba:TAYDAR	mhr:KYREK
0.8100	0.3771	lt:KALNES	xal:YLE
0.8100	0.3764	es:MUNTE	itl:NEJNE
0.8100	0.3763	no:BJEL	se:BARI
0.8100	0.3762	bua:YLA	sk:HURA
0.8100	0.3760	ckt:NHEGNE	es:MUNTANA
0.8100	0.3758	kv:CUJ	os:GUG
0.8100	0.3758	ain:NYPYRI	de:PERK
0.8100	0.3755	lt:KALNES	udm:KYRES
0.8100	0.3755	bua:YLA	sq:MAL
0.8100	0.3753	ba:PIK_KYL	sv:PERK
0.8100	0.3746	itl:NEJNE	mns:NUR
0.8100	0.3746	ckt:NHEGNE	ykg:ANA
0.8100	0.3745	sk:HURA	tr:TA
0.8100	0.3741	el:BYNU	sms:KYUDES
0.8100	0.3741	ckt:NHEGNE	it:MUNTANA
0.8100	0.3739	krl:TYKY	tr:TA
0.8100	0.3739	fr:MUTAN	kk:TAY
0.8100	0.3737	el:BYNU	myv:PANTU
0.8100	0.3735	nio:TIKE	ru:KURA
0.8100	0.3734	sms:BARE	sv:BJEL
0.8100	0.3734	niv:CIR	ru:KURA
0.8100	0.3734	hr:PRTU	tt:TAY
0.8100	0.3733	it:MUNTANA	tt:TAY
0.8100	0.3730	itl:NEJNE	ykg:ANA
0.8100	0.3728	ja:JAMA	vep:MEKI
0.8100	0.3727	bua:GATA	fr:MUTAN
0.8100	0.3723	it:MUNTANA	tr:TA
0.8100	0.3718	os:GUG	sms:KYUDES
0.8100	0.3716	es:MUNTANA	tr:TA
0.8100	0.3715	it:MUNTANA	itl:NEJNE
0.8100	0.3714	fr:MU	liv:MEK
0.8100	0.3712	ain:NYPYRI	hr:PRTU
0.8100	0.3709	pt:MUTE	sms:KYUDES
0.8100	0.3703	niv:CIR	sk:HURA
0.8100	0.3703	cv:KYPIPEG	udm:KYRES
0.8100	0.3701	ckt:NHEGNE	sjd:KANT
0.8100	0.3697	en:MAYNTIN	myv:PANTU
0.8100	0.3692	pt:MUTE	sel:MAKA
0.8100	0.3691	en:MAYNTIN	vep:MEKI
0.8100	0.3689	ja:JAMA	krl:MEKI
0.8100	0.3687	hr:PRTU	mdf:PANTA
0.8100	0.3686	is:BJATL	ja:JAMA
0.8100	0.3680	ckt:NHEGNE	cy:MENID
0.8100	0.3679	sjd:KANT	tr:TA
0.8100	0.3678	el:URUS	kv:KERES
0.8100	0.3678	ba:TAY	sk:HURA
0.8100	0.3670	hi:PAHAR	kca:REP
0.8100	0.3669	fi:MEKI	fr:MU
0.8100	0.3667	en:MAYNTIN	krl:MEKI
0.8100	0.3666	os:GUG	uz:TOG
0.8100	0.3665	mns:SIP	no:US
0.8100	0.3664	mns:YR	xal:YLE
0.8100	0.3664	kk:TAY	sk:HURA
0.8100	0.3664	ain:NYPYRI	sv:PERK
0.8100	0.3659	hy:LER	sjd:TERM
0.8100	0.3657	fi:WYURI	ru:KURA
0.8100	0.3656	en:MAYNTIN	fi:MEKI
0.8100	0.3654	ba:PIK_KYL	lv:KALNS
0.8100	0.3653	cy:MENID	sel:MAKA
0.8100	0.3652	fi:WYURI	hy:LER
0.8100	0.3652	fa:TEPE	uz:TOG
0.8100	0.3646	sel:MAKA	sk:HURA
0.8100	0.3642	gld:GYREN	itl:NEJNE
0.8100	0.3637	ba:PIK_KYL	no:PERK
0.8100	0.3628	gld:GYREN	niv:CIR
0.8100	0.3626	et:MEKI	fr:MU
0.8100	0.3624	ba:TAY	fa:TEPE
0.8100	0.3623	cy:MENID	gld:GYREN
0.8100	0.3622	hy:LER	nio:PERY
0.8100	0.3620	cy:MENID	itl:NEJNE
0.8100	0.3618	en:MAYNTIN	et:MEKI
0.8100	0.3608	mns:SIP	niv:PEL
0.8100	0.3608	ba:TAY	it:MUNTANA
0.8100	0.3607	cv:KYPIPEG	mhr:KYREK
0.8100	0.3606	es:MUNTE	ja:JAMA
0.8100	0.3606	ba:TAYDAR	udm:KYRES
0.8100	0.3604	hi:PAHAR	sjd:PASK
0.8100	0.3602	hi:PAHAR	mns:SIP
0.8100	0.3599	ckt:NHEGNE	gld:GYREN
0.8100	0.3586	nio:TIKE	tt:TAY
0.8100	0.3583	et:MEKI	sv:PERK
0.8100	0.3582	gld:GYREN	ru:KURA
0.8100	0.3580	hi:PAHAR	niv:PEL
0.8100	0.3578	bua:YLA	pl:KYRA
0.8100	0.3577	ja:JAMA	liv:MEK
0.8100	0.3576	fi:MEKI	ja:JAMA
0.8100	0.3574	bua:GATA	ykg:ANA
0.8100	0.3571	kk:TAY	mdf:PANTA
0.8100	0.3567	ba:TAYDAR	fi:WYURI
0.8100	0.3563	cy:MENID	ja:JAMA
0.8100	0.3557	ba:TAYDAR	sms:BARE
0.8100	0.3556	fa:TEPE	tt:TAY
0.8100	0.3554	it:MUNTE	ja:JAMA
0.8100	0.3553	fi:WYURI	gld:GYREN
0.8100	0.3550	no:US	yrk:GUJ
0.8100	0.3550	fr:MU	yrk:GUJ
0.8100	0.3550	de:PERK	et:MEKI
0.8100	0.3546	ba:PIK_KYL	de:PERK
0.8100	0.3544	bua:GATA	is:BJATL
0.8100	0.3543	et:MEKI	ja:JAMA
0.8100	0.3540	en:MAYNTIN	ja:JAMA
0.8100	0.3539	bua:GATA	myv:PANTU
0.8100	0.3533	sv:PERK	vep:MEKI
0.8100	0.3531	fi:MEKI	sv:PERK
0.8100	0.3530	krl:MEKI	sv:PERK
0.8100	0.3528	en:MAYNTIN	sjd:KANT
0.8100	0.3526	ba:TAYDAR	se:BARI
0.8100	0.3521	cv:TY	fa:KYH
0.8100	0.3515	fa:KYH	nio:TIKE
0.8100	0.3512	ba:TAYDAR	es:DERU
0.8100	0.3511	de:PERK	krl:MEKI
0.8100	0.3505	de:PERK	fi:MEKI
0.8100	0.3504	sjd:KANT	tt:TAY
0.8100	0.3488	ba:TAYDAR	sjd:TERM
0.8100	0.3479	ain:NYPYRI	se:BARI
0.8100	0.3478	es:MUNTANA	mdf:PANTA
0.8100	0.3467	de:PERK	vep:MEKI
0.8100	0.3454	mhr:KYREK	sv:PERK
0.8100	0.3439	bua:YLA	hy:LER
0.8100	0.3438	bua:YLA	sv:BJEL
0.8100	0.3424	de:PERK	niv:PEL
0.8100	0.3422	ru:KURA	sms:KYUDES
0.8100	0.3415	kv:KERES	lt:KALNES
0.8100	0.3415	gld:GYREN	sms:BARE
0.8100	0.3402	el:URUS	udm:KYRES
0.8100	0.3398	hu:HEC	niv:CIR
0.8100	0.3398	bua:YLA	no:BJEL
0.8100	0.3395	nio:TIKE	uz:TOG
0.8100	0.3394	is:BJATL	xal:YLE
0.8100	0.3391	ain:NYPYRI	nio:PERY
0.8100	0.3386	ain:NYPYRI	mns:NUR
0.8100	0.3381	et:MEKI	no:PERK
0.8100	0.3377	krl:TYKY	pl:KYRA
0.8100	0.3364	mhr:KYREK	no:PERK
0.8100	0.3361	ba:TAY	krl:TYKY
0.8100	0.3360	ba:TAY_TIKLEM	nio:TIKE
0.8100	0.3356	en:MAYNTIN	sel:MAKA
0.8100	0.3352	no:PERK	vep:MEKI
0.8100	0.3349	fr:MUTAN	tt:TAY
0.8100	0.3347	gld:GYREN	kca:REP
0.8100	0.3347	ba:TAYDAR	hi:PAHAR
0.8100	0.3342	nio:PERY	niv:PEL
0.8100	0.3342	ja:JAMA	pt:MUTE
0.8100	0.3340	fi:MEKI	no:PERK
0.8100	0.3336	liv:MEK	sv:PERK
0.8100	0.3335	krl:MEKI	no:PERK
0.8100	0.3334	pl:KYRA	sms:KYUDES
0.8100	0.3324	fr:MUTAN	tr:TA
0.8100	0.3322	fr:MUTAN	ykg:ANA
0.8100	0.3318	ckt:NHEGNE	pt:MUTENE
0.8100	0.3317	lt:KALNES	ykg:ANA
0.8100	0.3313	hy:SAR	niv:CIR
0.8100	0.3311	lv:KALNS	ykg:ANA
0.8100	0.3307	cv:TY	mns:YR
0.8100	0.3306	mdf:PANTA	tt:TAY
0.8100	0.3294	fi:WYURI	pl:KYRA
0.8100	0.3293	es:DERU	nio:PERY
0.8100	0.3285	de:PERK	liv:MEK
0.8100	0.3283	mns:NUR	ru:KURA
0.8100	0.3280	mns:YR	sk:HURA
0.8100	0.3277	ain:NYPYRI	hi:PAHAR
0.8100	0.3274	gld:GYREN	kv:KERES
0.8100	0.3265	mdf:PANTA	tr:TA
0.8100	0.3264	hy:LER	kv:KERA
0.8100	0.3263	it:MUNTANA	mdf:PANTA
0.8100	0.3262	ba:TAYDAR	hy:SAR
0.8100	0.3254	hy:SAR	sms:BARE
0.8100	0.3249	no:US	sms:KYUDES
0.8100	0.3231	kk:TAY	krl:TYKY
0.8100	0.3227	ba:TAY	mdf:PANTA
0.8100	0.3219	hy:SAR	se:BARI
0.8100	0.3219	fr:MU	ja:JAMA
0.8100	0.3214	hi:PAHAR	mdf:PANTA
0.8100	0.3211	fa:TEPE	niv:PEL
0.8100	0.3205	ba:TAY	fr:MUTAN
0.8100	0.3196	krl:BARA	ru:KURA
0.8100	0.3196	de:PERK	mhr:KYREK
0.8100	0.3178	is:BJATL	krl:BARA
0.8100	0.3178	ba:PIK_KYL	niv:PEL
0.8100	0.3167	itl:NEJNE	pt:MUTENE
0.8100	0.3161	it:MUNTE	liv:MEK
0.8100	0.3158	sv:BJEL	xal:YLE
0.8100	0.3158	is:BJATL	se:BARI
0.8100	0.3155	es:MUNTANA	sel:MAKA
0.8100	0.3149	fa:TEPE	kca:REP
0.8100	0.3146	ba:TAYDAR	mns:YR
0.8100	0.3143	fa:KYH	sms:KYUDES
0.8100	0.3140	el:BYNU	gld:GYREN
0.8100	0.3137	hi:PAHAR	sms:BARE
0.8100	0.3134	no:BJEL	xal:YLE
0.8100	0.3131	es:DERU	kv:KERA
0.8100	0.3113	ckt:NHEGNE	hu:HEC
0.8100	0.3107	hy:SAR	krl:BARA
0.8100	0.3100	fa:KYH	mhr:KYREK
0.8100	0.3096	liv:MEK	no:PERK
0.8100	0.3074	hi:PAHAR	se:BARI
0.8100	0.3057	ja:JAMA	ykg:ANA
0.8100	0.3054	is:BETL	sms:BARE
0.8100	0.3049	fr:MU	sel:MAKA
0.8100	0.3039	es:MUNTANA	ykg:ANA
0.8100	0.3032	gld:GYREN	mns:YR
0.8100	0.3022	fa:KYH	udm:KYRES
0.8100	0.3019	hi:PAHAR	krl:BARA
0.8100	0.3016	fa:KYH	krl:TYKY
0.8100	0.3005	es:DERU	sjd:TERM
0.8100	0.3001	ja:JAMA	sq:MAL
0.8100	0.2970	el:URUS	fi:WYURI
0.8100	0.2957	es:DERU	niv:CIR
0.8100	0.2943	krl:TYKY	uz:TOG
0.8100	0.2937	gld:GYREN	pl:KYRA
0.8100	0.2931	it:MUNTANA	sel:MAKA
0.8100	0.2921	cy:MENID	liv:MEK
0.8100	0.2861	krl:TYKY	tt:TAY
0.8100	0.2842	sjd:PASK	sv:PERK
0.8100	0.2837	niv:PEL	sv:BJEL
0.8100	0.2830	it:MUNTANA	ykg:ANA
0.8100	0.2780	liv:MEK	pt:MUTE
0.8100	0.2767	bua:GATA	mdf:PANTA
0.8100	0.2763	ain:NYPYRI	fi:WYURI
0.8100	0.2748	mhr:KYREK	ru:KURA
0.8100	0.2732	cy:MENID	krl:MEKI
0.8100	0.2731	niv:PEL	no:BJEL
0.8100	0.2727	da:PJERW	niv:PEL
0.8100	0.2718	cy:MENID	vep:MEKI
0.8100	0.2703	bua:GATA	sjd:KANT
0.8100	0.2700	cv:TY	krl:TYKY
0.8100	0.2694	lt:KALNES	sjd:KANT
0.8100	0.2692	no:PERK	sjd:PASK
0.8100	0.2684	hy:LER	xal:YLE
0.8100	0.2668	mns:YR	pl:KYRA
0.8100	0.2668	kv:KERA	sk:HURA
0.8100	0.2668	cy:MENID	fi:MEKI
0.8100	0.2645	bua:YLA	niv:YLEB
0.8100	0.2638	cy:MENID	et:MEKI
0.8100	0.2617	krl:BARA	sk:HURA
0.8100	0.2582	de:PERK	sjd:PASK
0.8100	0.2574	hr:PRTU	nio:PERY
0.8100	0.2540	ru:KURA	udm:KYRES
0.8100	0.2524	gld:GYREN	mhr:KYREK
0.8100	0.2508	lv:KALNS	sjd:KANT
0.8100	0.2497	hi:PAHAR	nio:PERY
0.8100	0.2389	is:BETL	niv:PEL
0.8100	0.2386	os:GUG	yrk:GUJ
0.8100	0.2370	hr:PRTU	myv:PANTU
0.8100	0.2360	de:PERK	nio:PERY
0.8100	0.2359	el:URUS	mns:NUR
0.8100	0.2285	nio:PERY	no:PERK
0.8100	0.2244	gld:GYREN	udm:KYRES
0.8100	0.2196	sel:MAKA	sq:MAL
0.8100	0.2170	kv:KIR	niv:CIR
0.8100	0.2146	ja:JAMA	sel:MAKA
0.8100	0.2059	mhr:KYREK	pl:KYRA
0.8100	0.2047	da:PJERW	nio:PERY
0.8100	0.2016	nio:PERY	sv:PERK
0.8100	0.1851	niv:YLEB	xal:YLE
0.8100	0.1752	pl:KYRA	udm:KYRES
0.8100	0.1679	kv:KERA	pl:KYRA
0.8100	0.1405	kv:KERA	ru:KURA
0.9000	0.7262	ka:MTA	kca:REP
0.9000	0.6899	el:BYNU	ka:MTA
0.9000	0.6786	de:PERK	ka:MTA
0.9000	0.6721	ka:MTA	os:GUG
0.9000	0.6633	ka:MTA	xal:YLE
0.9000	0.6571	ka:MTA	yrk:GUJ
0.9000	0.6521	ar:CAPAL	itl:NEJNE
0.9000	0.6464	ka:MTA	lv:KALNS
0.9000	0.6374	ka:MTA	mhr:KYREK
0.9000	0.6373	ka:MTA	mns:YR
0.9000	0.6366	ka:MTA	sv:PERK
0.9000	0.6322	ar:CAPAL	cy:MENID
0.9000	0.6320	he:HAR	liv:MEK
0.9000	0.6288	dar:TYPYRA	eu:MENTI
0.9000	0.6241	ar:CAPAL	mhr:KYREK
0.9000	0.6218	ka:MTA	no:US
0.9000	0.6217	ar:CAPAL	gld:GYREN
0.9000	0.6182	ar:CAPAL	udm:KYRES
0.9000	0.6164	da:PJERW	ka:MTA
0.9000	0.6145	ar:CAPAL	vep:MEKI
0.9000	0.6142	he:HAR	xal:YLE
0.9000	0.6133	ar:CAPAL	et:MEKI
0.9000	0.6055	ar:CAPAL	pt:MUTENE
0.9000	0.6020	ar:CAPAL	en:MAYNTIN
0.9000	0.5959	ka:MTA	udm:KYRES
0.9000	0.5854	ar:CAPAL	liv:MEK
0.9000	0.5839	he:HAR	vep:MEKI
0.9000	0.5815	ckt:NHEGNE	ka:MTA
0.9000	0.5778	ain:NYPYRI	ka:MTA
0.9000	0.5705	gld:GYREN	ka:MTA
0.9000	0.5703	dar:TYPYRA	zh:SA1N
0.9000	0.5660	et:MEKI	he:HAR
0.9000	0.5649	ar:CAPAL	os:GUG
0.9000	0.5643	ar:CAPAL	hu:HEC
0.9000	0.5640	ar:CAPAL	el:BYNU
0.9000	0.5629	ka:MTA	niv:PEL
0.9000	0.5613	ady:KESHA	eu:MENTI
0.9000	0.5580	he:HAR	uz:TOG
0.9000	0.5563	eu:MENTI	ket:KAHJ
0.9000	0.5559	ce:LEM	zh:SA1N
0.9000	0.5554	he:HAR	kk:TAY
0.9000	0.5543	ar:CAPAL	ckt:NHEGNE
0.9000	0.5533	ar:CAPAL	yrk:GUJ
0.9000	0.5510	ar:CAPAL	fr:MUTAN
0.9000	0.5446	cv:KYPIPEG	he:HAR
0.9000	0.5426	ce:LEM	ket:KAHJ
0.9000	0.5372	he:HAR	pt:MUTENE
0.9000	0.5369	he:HAR	yrk:GUJ
0.9000	0.5350	ar:CAPAL	fi:WYURI
0.9000	0.5344	cy:MENID	he:HAR
0.9000	0.5301	ar:CAPAL	uz:TOG
0.9000	0.5223	itl:NEJNE	ka:MTA
0.9000	0.5182	he:HAR	itl:NEJNE
0.9000	0.5178	ar:CAPAL	ka:MTA
0.9000	0.5153	he:HAR	sq:MAL
0.9000	0.5129	ka:MTA	ykg:ANA
0.9000	0.5122	hu:HEC	ka:MTA
0.9000	0.5116	en:MAYNTIN	he:HAR
0.9000	0.5106	he:HAR	os:GUG
0.9000	0.5085	he:HAR	myv:PANTU
0.9000	0.5084	ar:CAPAL	pl:KYRA
0.9000	0.5081	hi:PAHAR	ka:MTA
0.9000	0.5075	he:HAR	mdf:PANTA
0.9000	0.5025	ar:CAPAL	ru:KURA
0.9000	0.5022	ka:MTA	pl:KYRA
0.9000	0.4994	he:HAR	tt:TAY
0.9000	0.4992	he:HAR	lv:KALNS
0.9000	0.4966	ka:MTA	sms:KYUDES
0.9000	0.4963	ka:MTA	ru:KURA
0.9000	0.4943	ddo:MALI	ket:KAHJ
0.9000	0.4911	fr:MUTAN	he:HAR
0.9000	0.4909	ka:MTA	kv:KERA
0.9000	0.4908	he:HAR	it:MUNTANA
0.9000	0.4825	ar:CAPAL	tt:TAY
0.9000	0.4819	ka:MTA	liv:MEK
0.9000	0.4819	he:HAR	ja:JAMA
0.9000	0.4811	hy:SAR	ka:MTA
0.9000	0.4796	he:HAR	sel:MAKA
0.9000	0.4789	ar:CAPAL	kk:TAY
0.9000	0.4769	ar:CAPAL	krl:BARA
0.9000	0.4768	is:BETL	ka:MTA
0.9000	0.4759	ar:CAPAL	cv:KYPIPEG
0.9000	0.4732	he:HAR	ka:MTA
0.9000	0.4697	ka:MTA	lt:KALNES
0.9000	0.4684	ain:NYPYRI	ar:CAPAL
0.9000	0.4670	ar:CAPAL	hr:PRTU
0.9000	0.4661	he:HAR	is:BJATL
0.9000	0.4626	ka:MTA	se:BARI
0.9000	0.4611	ar:CAPAL	sk:HURA
0.9000	0.4587	ar:CAPAL	it:MUNTANA
0.9000	0.4586	he:HAR	lt:KALNES
0.9000	0.4541	ka:MTA	nio:TIKE
0.9000	0.4526	eu:MENTI	zh:SA1N
0.9000	0.4525	ar:CAPAL	se:BARI
0.9000	0.4502	ar:CAPAL	sel:MAKA
0.9000	0.4492	he:HAR	tr:TA
0.9000	0.4489	hr:PRTU	ka:MTA
0.9000	0.4486	ar:CAPAL	sms:BARE
0.9000	0.4471	ar:CAPAL	tr:TA
0.9000	0.4463	ar:CAPAL	kv:CUJ
0.9000	0.4450	ar:CAPAL	es:MUNTANA
0.9000	0.4447	ka:MTA	myv:PANTU
0.9000	0.4435	ar:CAPAL	ja:JAMA
0.9000	0.4402	he:HAR	no:PERK
0.9000	0.4390	dar:TYPYRA	ket:KAHJ
0.9000	0.4360	bua:GATA	he:HAR
0.9000	0.4356	ar:CAPAL	no:PERK
0.9000	0.4348	ar:CAPAL	de:PERK
0.9000	0.4345	fi:MEKI	ka:MTA
0.9000	0.4331	ka:MTA	sk:HURA
0.9000	0.4327	ka:MTA	vep:MEKI
0.9000	0.4317	ain:NYPYRI	he:HAR
0.9000	0.4313	et:MEKI	ka:MTA
0.9000	0.4304	ka:MTA	krl:MEKI
0.9000	0.4266	he:HAR	sjd:TERM
0.9000	0.4245	ar:CAPAL	sv:PERK
0.9000	0.4214	ckt:NHEGNE	he:HAR
0.9000	0.4203	ka:MTA	sjd:KANT
0.9000	0.4197	he:HAR	sv:PERK
0.9000	0.4193	ar:CAPAL	nio:PERY
0.9000	0.4168	ar:CAPAL	kca:REP
0.9000	0.4160	cv:TY	ka:MTA
0.9000	0.4139	he:HAR	mhr:KYREK
0.9000	0.4129	ar:CAPAL	xal:YLE
0.9000	0.4128	ar:CAPAL	ykg:ANA
0.9000	0.4108	fa:TEPE	ka:MTA
0.9000	0.4106	he:HAR	ykg:ANA
0.9000	0.4102	de:PERK	he:HAR
0.9000	0.4102	ar:CAPAL	bua:YLA
0.9000	0.4071	ar:CAPAL	hy:LER
0.9000	0.4057	ket:KAHJ	zh:SA1N
0.9000	0.3994	he:HAR	hr:PRTU
0.9000	0.3976	he:HAR	udm:KYRES
0.9000	0.3954	ce:LEM	eu:MENTI
0.9000	0.3939	ar:CAPAL	mns:SIP
0.9000	0.3924	ar:CAPAL	fa:TEPE
0.9000	0.3905	ddo:HUN	zh:SA1N
0.9000	0.3885	he:HAR	pl:KYRA
0.9000	0.3878	da:PJERW	he:HAR
0.9000	0.3860	ar:CAPAL	da:PJERW
0.9000	0.3854	he:HAR	nio:PERY
0.9000	0.3844	ar:CAPAL	is:BJATL
0.9000	0.3820	ab:ARIMCA	eu:MENTI
0.9000	0.3819	fa:KYH	he:HAR
0.9000	0.3807	fi:WYURI	he:HAR
0.9000	0.3798	el:URUS	he:HAR
0.9000	0.3735	ar:CAPAL	myv:PANTU
0.9000	0.3728	ar:CAPAL	mdf:PANTA
0.9000	0.3715	gld:GYREN	he:HAR
0.9000	0.3710	he:HAR	hu:HEC
0.9000	0.3684	he:HAR	mns:YR
0.9000	0.3670	ar:CAPAL	lv:KALNS
0.9000	0.3650	ar:CAPAL	sjd:PASK
0.9000	0.3635	he:HAR	ru:KURA
0.9000	0.3626	ar:CAPAL	ba:PIK_KYL
0.9000	0.3625	ar:CAPAL	lt:KALNES
0.9000	0.3607	he:HAR	kv:KERA
0.9000	0.3601	ab:ASGA	ket:KAHJ
0.9000	0.3550	he:HAR	kca:REP
0.9000	0.3537	ka:MTA	uz:TOG
0.9000	0.3484	ba:TAYDAR	he:HAR
0.9000	0.3452	he:HAR	niv:CIR
0.9000	0.3445	ar:CAPAL	hi:PAHAR
0.9000	0.3444	ka:MTA	mdf:PANTA
0.9000	0.3412	es:DERU	he:HAR
0.9000	0.3408	ar:CAPAL	sq:MAL
0.9000	0.3355	cy:MENID	ka:MTA
0.9000	0.3285	en:MAYNTIN	ka:MTA
0.9000	0.3236	ady:KESHA	zh:SA1N
0.9000	0.3229	ady:KESHA	ket:KAHJ
0.9000	0.3132	he:HAR	sms:BARE
0.9000	0.3081	he:HAR	se:BARI
0.9000	0.3068	ka:MTA	sq:MAL
0.9000	0.3061	ddo:MALI	eu:MENTI
0.9000	0.3001	bua:GATA	ka:MTA
0.9000	0.2984	he:HAR	krl:BARA
0.9000	0.2894	ja:JAMA	ka:MTA
0.9000	0.2771	es:MUNTANA	ka:MTA
0.9000	0.2758	ab:ASGA	zh:SA1N
0.9000	0.2734	it:MUNTANA	ka:MTA
0.9000	0.2639	he:HAR	hy:SAR
0.9000	0.2626	ar:CAPAL	niv:PEL
0.9000	0.2426	ka:MTA	kk:TAY
0.9000	0.2411	he:HAR	sk:HURA
0.9000	0.2330	ka:MTA	pt:MUTE
0.9000	0.2303	ka:MTA	tt:TAY
0.9000	0.2268	he:HAR	hi:PAHAR
0.9000	0.2255	ba:TAY	ka:MTA
0.9000	0.2254	ka:MTA	tr:TA
0.9000	0.2178	fr:MUTAN	ka:MTA
0.9000	0.2044	ka:MTA	sel:MAKA
1.0000	0.6978	ce:LEM	tr:TA
1.0000	0.6935	ce:LEM	tt:TAY
1.0000	0.6918	ce:LEM	kk:TAY
1.0000	0.6855	eu:MENTI	mhr:KYREK
1.0000	0.6762	ar:CAPAL	eu:MENTI
1.0000	0.6660	hr:PRTU	ket:KAHJ
1.0000	0.6513	hi:PAHAR	id:KYNYN
1.0000	0.6454	ce:LEM	he:HAR
1.0000	0.6379	de:PERK	id:KYNYN
1.0000	0.6352	ddo:HUN	de:PERK
1.0000	0.6348	eu:MENTI	ru:KURA
1.0000	0.6348	eu:MENTI	pl:KYRA
1.0000	0.6338	ar:CAPAL	id:KYNYN
1.0000	0.6315	ce:LEM	mns:SIP
1.0000	0.6282	ce:LEM	el:BYNU
1.0000	0.6267	ce:LEM	hr:PRTU
1.0000	0.6265	ady:KESHA	myv:PANTU
1.0000	0.6256	de:PERK	zh:SA1N
1.0000	0.6235	ce:LEM	yrk:GUJ
1.0000	0.6231	dar:TYPYRA	lv:KALNS
1.0000	0.6220	ce:LEM	uz:TOG
1.0000	0.6220	ady:KESHA	ain:NYPYRI
1.0000	0.6181	dar:TYPYRA	lt:KALNES
1.0000	0.6157	et:MEKI	id:KYNYN
1.0000	0.6132	ady:KESHA	se:BARI
1.0000	0.6127	ady:KESHA	en:MAYNTIN
1.0000	0.6121	eu:MENTI	sk:HURA
1.0000	0.6111	dar:TYPYRA	en:MAYNTIN
1.0000	0.6107	ce:LEM	os:GUG
1.0000	0.6099	hr:PRTU	id:KYNYN
1.0000	0.6080	ce:LEM	pl:KYRA
1.0000	0.6076	ce:LEM	ru:KURA
1.0000	0.6075	cy:MENID	dar:TYPYRA
1.0000	0.6069	ddo:HUN	nio:TIKE
1.0000	0.6066	ady:KESHA	hr:PRTU
1.0000	0.6064	mhr:KYREK	zh:SA1N
1.0000	0.6050	eu:MENTI	xal:YLE
1.0000	0.6048	dar:TYPYRA	itl:NEJNE
1.0000	0.6043	id:KYNYN	se:BARI
1.0000	0.6042	eu:MENTI	udm:KYRES
1.0000	0.6034	eu:MENTI	hi:PAHAR
1.0000	0.5980	udm:KYRES	zh:SA1N
1.0000	0.5979	ce:LEM	de:PERK
1.0000	0.5972	ddo:MALI	kca:REP
1.0000	0.5957	de:PERK	ket:KAHJ
1.0000	0.5951	id:KYNYN	ka:MTA
1.0000	0.5922	id:KYNYN	is:BJATL
1.0000	0.5903	ce:LEM	se:BARI
1.0000	0.5884	liv:MEK	zh:SA1N
1.0000	0.5866	ce:LEM	ykg:ANA
1.0000	0.5861	id:KYNYN	sq:MAL
1.0000	0.5851	id:KYNYN	sv:BJEL
1.0000	0.5840	id:KYNYN	ja:JAMA
1.0000	0.5827	ce:LEM	nio:PERY
1.0000	0.5822	hy:SAR	id:KYNYN
1.0000	0.5817	ce:LEM	myv:PANTU
1.0000	0.5812	id:KYNYN	sel:MAKA
1.0000	0.5804	dar:TYPYRA	vep:MEKI
1.0000	0.5790	dar:TYPYRA	et:MEKI
1.0000	0.5786	ce:LEM	mdf:PANTA
1.0000	0.5767	id:KYNYN	liv:MEK
1.0000	0.5760	ckt:NHEGNE	dar:TYPYRA
1.0000	0.5756	id:KYNYN	kca:REP
1.0000	0.5746	ce:LEM	id:KYNYN
1.0000	0.5732	ce:LEM	hi:PAHAR
1.0000	0.5724	dar:TYPYRA	liv:MEK
1.0000	0.5700	eu:MENTI	sms:KYUDES
1.0000	0.5678	ady:KESHA	sq:MAL
1.0000	0.5673	hr:PRTU	zh:SA1N
1.0000	0.5671	ce:LEM	sk:HURA
1.0000	0.5663	eu:MENTI	yrk:GUJ
1.0000	0.5655	kca:REP	zh:SA1N
1.0000	0.5636	ce:LEM	cv:KYPIPEG
1.0000	0.5631	eu:MENTI	id:KYNYN
1.0000	0.5629	ket:KAHJ	pt:MUTENE
1.0000	0.5627	de:PERK	eu:MENTI
1.0000	0.5624	xal:YLE	zh:SA1N
1.0000	0.5619	ain:NYPYRI	ce:LEM
1.0000	0.5614	dar:TYPYRA	pt:MUTE
1.0000	0.5612	he:HAR	id:KYNYN
1.0000	0.5603	ain:NYPYRI	zh:SA1N
1.0000	0.5593	id:KYNYN	sk:HURA
1.0000	0.5592	ce:LEM	sms:KYUDES
1.0000	0.5590	ain:NYPYRI	ket:KAHJ
1.0000	0.5587	eu:MENTI	fa:KYH
1.0000	0.5577	et:MEKI	ket:KAHJ
1.0000	0.5573	ce:LEM	fa:TEPE
1.0000	0.5572	fi:MEKI	ket:KAHJ
1.0000	0.5567	ce:LEM	mhr:KYREK
1.0000	0.5549	fi:MEKI	zh:SA1N
1.0000	0.5548	da:PJERW	id:KYNYN
1.0000	0.5546	vep:MEKI	zh:SA1N
1.0000	0.5539	fa:KYH	zh:SA1N
1.0000	0.5531	et:MEKI	zh:SA1N
1.0000	0.5521	ce:LEM	hu:HEC
1.0000	0.5504	os:GUG	zh:SA1N
1.0000	0.5492	cy:MENID	ket:KAHJ
1.0000	0.5488	eu:MENTI	he:HAR
1.0000	0.5484	id:KYNYN	uz:TOG
1.0000	0.5458	id:KYNYN	tr:TA
1.0000	0.5449	ce:LEM	udm:KYRES
1.0000	0.5435	uz:TOG	zh:SA1N
1.0000	0.5422	hu:HEC	id:KYNYN
1.0000	0.5418	ddo:HUN	uz:TOG
1.0000	0.5414	da:PJERW	zh:SA1N
1.0000	0.5409	dar:TYPYRA	hu:HEC
1.0000	0.5409	ce:LEM	liv:MEK
1.0000	0.5403	ket:KAHJ	xal:YLE
1.0000	0.5378	ady:KESHA	mdf:PANTA
1.0000	0.5371	eu:MENTI	os:GUG
1.0000	0.5364	kca:REP	ket:KAHJ
1.0000	0.5363	id:KYNYN	myv:PANTU
1.0000	0.5362	id:KYNYN	mdf:PANTA
1.0000	0.5358	ddo:HUN	mhr:KYREK
1.0000	0.5350	dar:TYPYRA	ja:JAMA
1.0000	0.5347	dar:TYPYRA	it:MUNTANA
1.0000	0.5326	yrk:GUJ	zh:SA1N
1.0000	0.5315	eu:MENTI	lt:KALNES
1.0000	0.5300	ddo:HUN	udm:KYRES
1.0000	0.5299	ddo:HUN	fa:KYH
1.0000	0.5298	ce:LEM	kv:KERA
1.0000	0.5297	hu:HEC	zh:SA1N
1.0000	0.5282	dar:TYPYRA	yrk:GUJ
1.0000	0.5273	ce:LEM	krl:MEKI
1.0000	0.5260	da:PJERW	ket:KAHJ
1.0000	0.5249	el:URUS	ket:KAHJ
1.0000	0.5242	ddo:HUN	pl:KYRA
1.0000	0.5241	ady:KESHA	de:PERK
1.0000	0.5234	cv:TY	zh:SA1N
1.0000	0.5228	ady:KESHA	it:MUNTANA
1.0000	0.5195	ce:LEM	et:MEKI
1.0000	0.5195	ab:ASGA	is:BJATL
1.0000	0.5194	ket:KAHJ	niv:CIR
1.0000	0.5194	ce:LEM	vep:MEKI
1.0000	0.5193	niv:CIR	zh:SA1N
1.0000	0.5187	ket:KAHJ	mns:YR
1.0000	0.5183	ce:LEM	fi:MEKI
1.0000	0.5182	ady:KESHA	vep:MEKI
1.0000	0.5179	sv:BJEL	zh:SA1N
1.0000	0.5172	ket:KAHJ	mdf:PANTA
1.0000	0.5172	ady:KESHA	uz:TOG
1.0000	0.5167	ady:KESHA	et:MEKI
1.0000	0.5164	ady:KESHA	fi:MEKI
1.0000	0.5161	kv:CUJ	zh:SA1N
1.0000	0.5154	gld:GYREN	ket:KAHJ
1.0000	0.5145	id:KYNYN	no:US
1.0000	0.5141	ce:LEM	kca:REP
1.0000	0.5135	dar:TYPYRA	os:GUG
1.0000	0.5120	sms:BARE	zh:SA1N
1.0000	0.5099	it:MUNTANA	ket:KAHJ
1.0000	0.5094	krl:BARA	zh:SA1N
1.0000	0.5086	ce:LEM	da:PJERW
1.0000	0.5085	ady:KESHA	id:KYNYN
1.0000	0.5084	nio:TIKE	zh:SA1N
1.0000	0.5083	se:BARI	zh:SA1N
1.0000	0.5080	cv:TY	ddo:HUN
1.0000	0.5075	ady:KESHA	itl:NEJNE
1.0000	0.5043	ket:KAHJ	myv:PANTU
1.0000	0.5026	cy:MENID	id:KYNYN
1.0000	0.5021	es:MUNTANA	ket:KAHJ
1.0000	0.5015	ddo:HUN	tt:TAY
1.0000	0.5006	ady:KESHA	ja:JAMA
1.0000	0.4999	eu:MENTI	hy:LER
1.0000	0.4990	ab:AIKYRKYANCA	itl:NEJNE
1.0000	0.4977	hu:HEC	ket:KAHJ
1.0000	0.4968	ckt:NHEGNE	ket:KAHJ
1.0000	0.4967	eu:MENTI	kca:REP
1.0000	0.4944	ady:KESHA	ka:MTA
1.0000	0.4942	ce:LEM	ckt:NHEGNE
1.0000	0.4926	ain:NYPYRI	ddo:MALI
1.0000	0.4921	ady:KESHA	fr:MUTAN
1.0000	0.4914	ddo:HUN	kk:TAY
1.0000	0.4905	eu:MENTI	lv:KALNS
1.0000	0.4903	ady:KESHA	tt:TAY
1.0000	0.4881	da:PJERW	eu:MENTI
1.0000	0.4877	ady:KESHA	ar:CAPAL
1.0000	0.4876	eu:MENTI	hr:PRTU
1.0000	0.4871	el:BYNU	eu:MENTI
1.0000	0.4870	fr:MUTAN	id:KYNYN
1.0000	0.4861	id:KYNYN	niv:YLEB
1.0000	0.4854	bua:YLA	id:KYNYN
1.0000	0.4844	ddo:HUN	hi:PAHAR
1.0000	0.4839	dar:TYPYRA	fr:MUTAN
1.0000	0.4837	da:PJERW	ddo:MALI
1.0000	0.4834	dar:TYPYRA	sq:MAL
1.0000	0.4825	dar:TYPYRA	ykg:ANA
1.0000	0.4816	en:MAYNTIN	ket:KAHJ
1.0000	0.4805	ja:JAMA	ket:KAHJ
1.0000	0.4805	dar:TYPYRA	myv:PANTU
1.0000	0.4805	ady:KESHA	da:PJERW
1.0000	0.4794	eu:MENTI	se:BARI
1.0000	0.4793	eu:MENTI	no:BJEL
1.0000	0.4782	eu:MENTI	sv:BJEL
1.0000	0.4773	sq:MAL	zh:SA1N
1.0000	0.4770	ab:ARIMCA	en:MAYNTIN
1.0000	0.4769	ady:KESHA	is:BETL
1.0000	0.4759	ady:KESHA	niv:PEL
1.0000	0.4754	ady:KESHA	kca:REP
1.0000	0.4746	id:KYNYN	os:GUG
1.0000	0.4744	ab:ARIMCA	tt:TAY
1.0000	0.4742	dar:TYPYRA	is:BJATL
1.0000	0.4739	ce:LEM	gld:GYREN
1.0000	0.4729	ddo:MALI	tr:TA
1.0000	0.4728	id:KYNYN	tt:TAY
1.0000	0.4721	ar:CAPAL	ket:KAHJ
1.0000	0.4717	id:KYNYN	pt:MUTENE
1.0000	0.4713	ady:KESHA	kk:TAY
1.0000	0.4704	id:KYNYN	zh:SA1N
1.0000	0.4703	ket:KAHJ	se:BARI
1.0000	0.4693	id:KYNYN	yrk:GUJ
1.0000	0.4691	dar:TYPYRA	xal:YLE
1.0000	0.4683	id:KYNYN	ket:KAHJ
1.0000	0.4668	ady:KESHA	es:DERU
1.0000	0.4667	ce:LEM	itl:NEJNE
1.0000	0.4659	ab:ASGA	ar:CAPAL
1.0000	0.4650	ab:ARIMCA	kk:TAY
1.0000	0.4647	id:KYNYN	kk:TAY
1.0000	0.4637	ady:KESHA	lt:KALNES
1.0000	0.4630	ady:KESHA	xal:YLE
1.0000	0.4624	ady:KESHA	ckt:NHEGNE
1.0000	0.4620	dar:TYPYRA	hy:SAR
1.0000	0.4617	cv:KYPIPEG	ket:KAHJ
1.0000	0.4616	ady:KESHA	yrk:GUJ
1.0000	0.4604	ady:KESHA	el:URUS
1.0000	0.4592	fr:MUTAN	ket:KAHJ
1.0000	0.4582	ket:KAHJ	uz:TOG
1.0000	0.4578	fi:WYURI	id:KYNYN
1.0000	0.4568	ket:KAHJ	sq:MAL
1.0000	0.4568	ady:KESHA	liv:MEK
1.0000	0.4567	eu:MENTI	mns:SIP
1.0000	0.4563	dar:TYPYRA	sel:MAKA
1.0000	0.4561	id:KYNYN	ru:KURA
1.0000	0.4551	dar:TYPYRA	se:BARI
1.0000	0.4549	kk:TAY	zh:SA1N
1.0000	0.4543	ket:KAHJ	ykg:ANA
1.0000	0.4542	is:BJATL	ket:KAHJ
1.0000	0.4542	ba:PIK_KYL	id:KYNYN
1.0000	0.4534	eu:MENTI	hu:HEC
1.0000	0.4531	hi:PAHAR	zh:SA1N
1.0000	0.4530	eu:MENTI	ykg:ANA
1.0000	0.4529	id:KYNYN	kv:KIR
1.0000	0.4529	ady:KESHA	sv:BJEL
1.0000	0.4525	ket:KAHJ	mhr:KYREK
1.0000	0.4522	ket:KAHJ	sms:KYUDES
1.0000	0.4520	ar:CAPAL	zh:SA1N
1.0000	0.4518	ddo:HUN	mns:NUR
1.0000	0.4508	pt:MUTENE	zh:SA1N
1.0000	0.4505	id:KYNYN	xal:YLE
1.0000	0.4492	id:KYNYN	ykg:ANA
1.0000	0.4472	ady:KESHA	ykg:ANA
1.0000	0.4468	ady:KESHA	tr:TA
1.0000	0.4460	dar:TYPYRA	kca:REP
1.0000	0.4457	eu:MENTI	kv:KIR
1.0000	0.4454	ady:KESHA	bua:GATA
1.0000	0.4447	ja:JAMA	zh:SA1N
1.0000	0.4447	ab:AIKYRKYANCA	hr:PRTU
1.0000	0.4446	ar:CAPAL	dar:TYPYRA
1.0000	0.4445	ddo:HUN	ru:KURA
1.0000	0.4443	dar:TYPYRA	sms:BARE
1.0000	0.4430	ady:KESHA	lv:KALNS
1.0000	0.4429	ab:AIKYRKYANCA	cv:TY
1.0000	0.4426	ka:MTA	zh:SA1N
1.0000	0.4424	bua:GATA	eu:MENTI
1.0000	0.4422	ket:KAHJ	udm:KYRES
1.0000	0.4422	ady:KESHA	pt:MUTE
1.0000	0.4417	ady:KESHA	os:GUG
1.0000	0.4414	ab:ARIMCA	tr:TA
1.0000	0.4408	ady:KESHA	cv:KYPIPEG
1.0000	0.4405	ddo:HUN	he:HAR
1.0000	0.4400	ab:AIKYRKYANCA	xal:YLE
1.0000	0.4394	ba:TAY_TIKLEM	ddo:MALI
1.0000	0.4393	tt:TAY	zh:SA1N
1.0000	0.4391	ru:KURA	zh:SA1N
1.0000	0.4388	ady:KESHA	cy:MENID
1.0000	0.4383	he:HAR	zh:SA1N
1.0000	0.4378	pl:KYRA	zh:SA1N
1.0000	0.4374	ab:ARIMCA	da:PJERW
1.0000	0.4373	dar:TYPYRA	id:KYNYN
1.0000	0.4364	ain:NYPYRI	id:KYNYN
1.0000	0.4356	dar:TYPYRA	he:HAR
1.0000	0.4349	ab:AIKYRKYANCA	hu:HEC
1.0000	0.4344	gld:GYREN	zh:SA1N
1.0000	0.4344	dar:TYPYRA	el:URUS
1.0000	0.4319	ady:KESHA	hi:PAHAR
1.0000	0.4318	is:BJATL	zh:SA1N
1.0000	0.4318	ddo:HUN	hr:PRTU
1.0000	0.4318	dar:TYPYRA	niv:PEL
1.0000	0.4317	bua:YLA	ddo:MALI
1.0000	0.4308	sel:MAKA	zh:SA1N
1.0000	0.4307	eu:MENTI	niv:CIR
1.0000	0.4307	ady:KESHA	sel:MAKA
1.0000	0.4305	hy:SAR	ket:KAHJ
1.0000	0.4302	ab:AIKYRKYANCA	sv:PERK
1.0000	0.4297	ket:KAHJ	no:BJEL
1.0000	0.4294	cv:TY	id:KYNYN
1.0000	0.4289	dar:TYPYRA	es:DERU
1.0000	0.4283	ady:KESHA	mhr:KYREK
1.0000	0.4281	el:BYNU	zh:SA1N
1.0000	0.4278	ady:KESHA	ba:TAY_TIKLEM
1.0000	0.4264	cv:TY	eu:MENTI
1.0000	0.4263	dar:TYPYRA	uz:TOG
1.0000	0.4261	ab:ARIMCA	kca:REP
1.0000	0.4251	cy:MENID	zh:SA1N
1.0000	0.4242	bua:GATA	zh:SA1N
1.0000	0.4237	ddo:HUN	sms:KYUDES
1.0000	0.4236	ddo:MALI	xal:YLE
1.0000	0.4235	id:KYNYN	vep:MEKI
1.0000	0.4227	ket:KAHJ	sv:BJEL
1.0000	0.4217	ddo:MALI	ka:MTA
1.0000	0.4210	ba:TAYDAR	zh:SA1N
1.0000	0.4209	ady:KESHA	sk:HURA
1.0000	0.4200	itl:NEJNE	ket:KAHJ
1.0000	0.4187	ar:CAPAL	ce:LEM
1.0000	0.4185	hi:PAHAR	ket:KAHJ
1.0000	0.4178	ady:KESHA	mns:SIP
1.0000	0.4174	ddo:HUN	hu:HEC
1.0000	0.4171	ket:KAHJ	os:GUG
1.0000	0.4167	dar:TYPYRA	mhr:KYREK
1.0000	0.4155	ka:MTA	ket:KAHJ
1.0000	0.4153	bua:YLA	ket:KAHJ
1.0000	0.4152	ba:TAY	eu:MENTI
1.0000	0.4151	eu:MENTI	kk:TAY
1.0000	0.4144	eu:MENTI	tr:TA
1.0000	0.4139	ab:ASGA	ckt:NHEGNE
1.0000	0.4134	bua:YLA	dar:TYPYRA
1.0000	0.4128	eu:MENTI	is:BETL
1.0000	0.4126	itl:NEJNE	zh:SA1N
1.0000	0.4123	he:HAR	ket:KAHJ
1.0000	0.4120	ddo:HUN	myv:PANTU
1.0000	0.4117	ce:LEM	en:MAYNTIN
1.0000	0.4107	ddo:MALI	lv:KALNS
1.0000	0.4107	ab:ARIMCA	ja:JAMA
1.0000	0.4102	ab:AIKYRKYANCA	de:PERK
1.0000	0.4098	tr:TA	zh:SA1N
1.0000	0.4094	id:KYNYN	mns:NUR
1.0000	0.4093	ab:AIKYRKYANCA	myv:PANTU
1.0000	0.4089	id:KYNYN	nio:TIKE
1.0000	0.4077	eu:MENTI	uz:TOG
1.0000	0.4076	id:KYNYN	krl:TYKY
1.0000	0.4075	id:KYNYN	mhr:KYREK
1.0000	0.4074	ddo:MALI	niv:PEL
1.0000	0.4074	ckt:NHEGNE	zh:SA1N
1.0000	0.4060	ddo:MALI	se:BARI
1.0000	0.4053	ddo:HUN	sjd:KANT
1.0000	0.4049	ady:KESHA	sjd:KANT
1.0000	0.4035	ket:KAHJ	tt:TAY
1.0000	0.4031	ce:LEM	lt:KALNES
1.0000	0.4029	ab:ASGA	uz:TOG
1.0000	0.4023	ab:AIKYRKYANCA	sms:KYUDES
1.0000	0.4021	eu:MENTI	sq:MAL
1.0000	0.4014	dar:TYPYRA	sjd:TERM
1.0000	0.4013	dar:TYPYRA	mdf:PANTA
1.0000	0.4004	ce:LEM	lv:KALNS
1.0000	0.4003	ady:KESHA	gld:GYREN
1.0000	0.3987	ady:KESHA	krl:TYKY
1.0000	0.3978	eu:MENTI	itl:NEJNE
1.0000	0.3973	en:MAYNTIN	zh:SA1N
1.0000	0.3967	ddo:MALI	hy:LER
1.0000	0.3965	ddo:HUN	mdf:PANTA
1.0000	0.3963	ket:KAHJ	sel:MAKA
1.0000	0.3963	ddo:HUN	kv:CUJ
1.0000	0.3961	ab:ARIMCA	hi:PAHAR
1.0000	0.3960	ain:NYPYRI	eu:MENTI
1.0000	0.3955	ddo:HUN	itl:NEJNE
1.0000	0.3952	eu:MENTI	tt:TAY
1.0000	0.3950	ckt:NHEGNE	eu:MENTI
1.0000	0.3945	ab:ARIMCA	ain:NYPYRI
1.0000	0.3938	ddo:MALI	sv:BJEL
1.0000	0.3924	id:KYNYN	lt:KALNES
1.0000	0.3919	es:MUNTANA	id:KYNYN
1.0000	0.3919	dar:TYPYRA	ka:MTA
1.0000	0.3919	ab:AIKYRKYANCA	niv:CIR
1.0000	0.3909	dar:TYPYRA	no:PERK
1.0000	0.3909	da:PJERW	dar:TYPYRA
1.0000	0.3907	es:MUNTANA	zh:SA1N
1.0000	0.3905	eu:MENTI	gld:GYREN
1.0000	0.3904	id:KYNYN	it:MUNTANA
1.0000	0.3902	ab:AIKYRKYANCA	nio:TIKE
1.0000	0.3900	eu:MENTI	mdf:PANTA
1.0000	0.3900	dar:TYPYRA	kk:TAY
1.0000	0.3899	ce:LEM	is:BJATL
1.0000	0.3898	ba:TAY	ket:KAHJ
1.0000	0.3892	dar:TYPYRA	kv:KERA
1.0000	0.3885	ddo:MALI	liv:MEK
1.0000	0.3875	ady:KESHA	hu:HEC
1.0000	0.3869	ket:KAHJ	kk:TAY
1.0000	0.3869	dar:TYPYRA	gld:GYREN
1.0000	0.3864	ddo:MALI	lt:KALNES
1.0000	0.3861	ddo:HUN	id:KYNYN
1.0000	0.3860	sk:HURA	zh:SA1N
1.0000	0.3859	id:KYNYN	udm:KYRES
1.0000	0.3858	ab:ARIMCA	sq:MAL
1.0000	0.3857	eu:MENTI	sel:MAKA
1.0000	0.3854	eu:MENTI	myv:PANTU
1.0000	0.3847	it:MUNTANA	zh:SA1N
1.0000	0.3838	dar:TYPYRA	de:PERK
1.0000	0.3832	ady:KESHA	no:US
1.0000	0.3820	dar:TYPYRA	udm:KYRES
1.0000	0.3815	ce:LEM	cy:MENID
1.0000	0.3791	ket:KAHJ	tr:TA
1.0000	0.3789	ab:ARIMCA	vep:MEKI
1.0000	0.3782	ce:LEM	sv:BJEL
1.0000	0.3776	ce:LEM	ka:MTA
1.0000	0.3768	ab:AIKYRKYANCA	fa:KYH
1.0000	0.3765	ab:AIKYRKYANCA	lv:KALNS
1.0000	0.3761	bua:YLA	ce:LEM
1.0000	0.3758	dar:TYPYRA	tt:TAY
1.0000	0.3744	ce:LEM	no:BJEL
1.0000	0.3742	ady:KESHA	he:HAR
1.0000	0.3740	mns:NUR	zh:SA1N
1.0000	0.3740	ce:LEM	sq:MAL
1.0000	0.3740	ab:ARIMCA	et:MEKI
1.0000	0.3740	ab:AIKYRKYANCA	el:BYNU
1.0000	0.3734	dar:TYPYRA	hr:PRTU
1.0000	0.3730	ar:CAPAL	ddo:MALI
1.0000	0.3725	ab:AIKYRKYANCA	ba:PIK_KYL
1.0000	0.3724	dar:TYPYRA	sv:PERK
1.0000	0.3722	cv:TY	dar:TYPYRA
1.0000	0.3722	ab:ARIMCA	it:MUNTANA
1.0000	0.3716	ket:KAHJ	krl:MEKI
1.0000	0.3710	ket:KAHJ	vep:MEKI
1.0000	0.3709	ab:ARIMCA	es:MUNTANA
1.0000	0.3704	id:KYNYN	pl:KYRA
1.0000	0.3700	myv:PANTU	zh:SA1N
1.0000	0.3699	dar:TYPYRA	tr:TA
1.0000	0.3694	ab:ASGA	yrk:GUJ
1.0000	0.3690	ddo:HUN	no:US
1.0000	0.3674	ce:LEM	es:MUNTE
1.0000	0.3674	ab:ARIMCA	liv:MEK
1.0000	0.3672	dar:TYPYRA	fi:WYURI
1.0000	0.3671	ket:KAHJ	lt:KALNES
1.0000	0.3671	ckt:NHEGNE	id:KYNYN
1.0000	0.3664	ab:ARIMCA	pt:MUTE
1.0000	0.3659	ce:LEM	niv:YLEB
1.0000	0.3648	ab:ARIMCA	cy:MENID
1.0000	0.3646	dar:TYPYRA	ru:KURA
1.0000	0.3642	ab:AIKYRKYANCA	mdf:PANTA
1.0000	0.3640	gld:GYREN	id:KYNYN
1.0000	0.3630	lv:KALNS	zh:SA1N
1.0000	0.3629	eu:MENTI	ja:JAMA
1.0000	0.3626	eu:MENTI	fr:MUTAN
1.0000	0.3615	fr:MUTAN	zh:SA1N
1.0000	0.3607	ddo:HUN	os:GUG
1.0000	0.3605	id:KYNYN	lv:KALNS
1.0000	0.3604	ab:ASGA	mns:SIP
1.0000	0.3593	ce:LEM	it:MUNTE
1.0000	0.3579	id:KYNYN	sjd:KANT
1.0000	0.3576	eu:MENTI	nio:TIKE
1.0000	0.3559	lt:KALNES	zh:SA1N
1.0000	0.3559	ket:KAHJ	yrk:GUJ
1.0000	0.3555	ket:KAHJ	liv:MEK
1.0000	0.3540	sjd:KANT	zh:SA1N
1.0000	0.3535	ket:KAHJ	lv:KALNS
1.0000	0.3524	ce:LEM	pt:MUTE
1.0000	0.3509	ket:KAHJ	sk:HURA
1.0000	0.3502	ab:ARIMCA	he:HAR
1.0000	0.3501	ce:LEM	ja:JAMA
1.0000	0.3499	ab:ARIMCA	fr:MUTAN
1.0000	0.3493	ady:KESHA	hy:SAR
1.0000	0.3491	mdf:PANTA	zh:SA1N
1.0000	0.3491	eu:MENTI	sjd:KANT
1.0000	0.3482	ba:TAY_TIKLEM	ce:LEM
1.0000	0.3480	ddo:MALI	is:BJATL
1.0000	0.3476	ab:ASGA	bua:GATA
1.0000	0.3471	ab:AIKYRKYANCA	lt:KALNES
1.0000	0.3470	dar:TYPYRA	mns:YR
1.0000	0.3462	ddo:HUN	el:BYNU
1.0000	0.3462	ab:ARIMCA	krl:BARA
1.0000	0.3461	id:KYNYN	sms:KYUDES
1.0000	0.3461	id:KYNYN	itl:NEJNE
1.0000	0.3460	ce:LEM	sjd:TERM
1.0000	0.3451	dar:TYPYRA	nio:PERY
1.0000	0.3440	ddo:HUN	gld:GYREN
1.0000	0.3424	ab:ASGA	no:US
1.0000	0.3421	ab:ARIMCA	fi:WYURI
1.0000	0.3395	ddo:HUN	ykg:ANA
1.0000	0.3389	ab:ASGA	os:GUG
1.0000	0.3387	ddo:HUN	pt:MUTENE
1.0000	0.3386	fa:KYH	id:KYNYN
1.0000	0.3384	no:US	zh:SA1N
1.0000	0.3381	ab:ARIMCA	sk:HURA
1.0000	0.3380	ady:KESHA	pl:KYRA
1.0000	0.3379	ddo:HUN	yrk:GUJ
1.0000	0.3371	ddo:HUN	sk:HURA
1.0000	0.3368	dar:TYPYRA	sk:HURA
1.0000	0.3361	dar:TYPYRA	fa:TEPE
1.0000	0.3357	ab:ASGA	hy:SAR
1.0000	0.3336	ket:KAHJ	nio:TIKE
1.0000	0.3334	ab:AIKYRKYANCA	kv:KERA
1.0000	0.3327	ket:KAHJ	sjd:KANT
1.0000	0.3327	dar:TYPYRA	hi:PAHAR
1.0000	0.3317	cy:MENID	ddo:MALI
1.0000	0.3307	en:MAYNTIN	id:KYNYN
1.0000	0.3301	eu:MENTI	liv:MEK
1.0000	0.3294	ady:KESHA	ru:KURA
1.0000	0.3286	ce:LEM	sel:MAKA
1.0000	0.3276	ab:AIKYRKYANCA	ykg:ANA
1.0000	0.3274	el:BYNU	id:KYNYN
1.0000	0.3267	ce:LEM	xal:YLE
1.0000	0.3261	ddo:MALI	en:MAYNTIN
1.0000	0.3249	ddo:HUN	fr:MUTAN
1.0000	0.3213	ckt:NHEGNE	ddo:HUN
1.0000	0.3209	ab:AIKYRKYANCA	udm:KYRES
1.0000	0.3208	ce:LEM	fr:MU
1.0000	0.3207	ba:TAYDAR	dar:TYPYRA
1.0000	0.3181	dar:TYPYRA	krl:TYKY
1.0000	0.3180	ab:AIKYRKYANCA	ru:KURA
1.0000	0.3175	ab:AIKYRKYANCA	gld:GYREN
1.0000	0.3142	ab:ARIMCA	ka:MTA
1.0000	0.3122	eu:MENTI	pt:MUTE
1.0000	0.3103	ddo:MALI	ja:JAMA
1.0000	0.3064	ddo:MALI	vep:MEKI
1.0000	0.3030	ab:ARIMCA	se:BARI
1.0000	0.3020	ab:ARIMCA	sel:MAKA
1.0000	0.3016	ddo:MALI	krl:MEKI
1.0000	0.3010	ddo:MALI	fi:MEKI
1.0000	0.2999	ket:KAHJ	pl:KYRA
1.0000	0.2995	dar:TYPYRA	pl:KYRA
1.0000	0.2967	ab:ASGA	sjd:PASK
1.0000	0.2960	ady:KESHA	sms:KYUDES
1.0000	0.2945	ddo:MALI	et:MEKI
1.0000	0.2931	ab:AIKYRKYANCA	id:KYNYN
1.0000	0.2910	ab:AIKYRKYANCA	mhr:KYREK
1.0000	0.2881	ddo:HUN	it:MUNTE
1.0000	0.2879	ykg:ANA	zh:SA1N
1.0000	0.2877	ddo:HUN	es:MUNTE
1.0000	0.2863	ket:KAHJ	ru:KURA
1.0000	0.2851	ady:KESHA	nio:TIKE
1.0000	0.2850	ket:KAHJ	kv:KERA
1.0000	0.2848	ab:AIKYRKYANCA	pl:KYRA
1.0000	0.2788	ady:KESHA	udm:KYRES
1.0000	0.2784	ce:LEM	hy:LER
1.0000	0.2782	eu:MENTI	ka:MTA
1.0000	0.2763	fa:KYH	ket:KAHJ
1.0000	0.2751	ady:KESHA	fa:KYH
1.0000	0.2546	ain:NYPYRI	dar:TYPYRA
1.0000	0.2514	eu:MENTI	krl:MEKI
1.0000	0.2511	ddo:MALI	sel:MAKA
1.0000	0.2510	eu:MENTI	vep:MEKI
1.0000	0.2472	eu:MENTI	it:MUNTE
1.0000	0.2454	hy:SAR	zh:SA1N
1.0000	0.2443	eu:MENTI	fi:MEKI
1.0000	0.2438	et:MEKI	eu:MENTI
1.0000	0.2381	es:MUNTE	eu:MENTI
1.0000	0.2343	ady:KESHA	kv:KERA
1.0000	0.2038	cy:MENID	eu:MENTI
1.0000	0.1865	en:MAYNTIN	eu:MENTI
1.0000	0.1144	ddo:MALI	sq:MAL
